vehicle_id,fuel_type,timestamp,distance_km,consumption_rate,total_consumption,unit,estimated_cost
BUS_7749,Diesel,2025-11-12 16:43:42,27.36,0.33,8.9,L,10.68
BUS_2331,Diesel,2025-10-28 01:50:58,6.48,0.3,1.95,L,2.34
BUS_7811,Hybrid,2025-11-08 05:19:43,42.31,0.27,11.32,L_eq,9.056000000000001
BUS_2655,Hybrid,2025-11-09 08:34:13,6.6,0.23,1.51,L_eq,1.2080000000000002
BUS_7481,CNG,2025-11-20 06:38:16,28.01,0.35,9.74,L_eq,8.766
BUS_1401,CNG,2025-11-08 11:07:13,33.58,0.27,9.1,L_eq,8.19
BUS_6642,Hybrid,2025-11-09 20:39:27,20.76,0.47,9.67,L_eq,7.736000000000001
BUS_1542,Hybrid,2025-10-30 16:29:50,43.87,0.21,9.2,L_eq,7.359999999999999
BUS_2469,Diesel,2025-10-22 11:52:59,39.18,0.44,17.07,L,20.483999999999998
BUS_7382,Hybrid,2025-10-28 03:25:13,44.0,0.35,15.59,L_eq,12.472000000000001
BUS_8877,Diesel,2025-11-13 13:08:09,43.54,0.34,14.6,L,17.52
BUS_1585,CNG,2025-11-09 01:42:04,38.37,0.35,13.24,L_eq,11.916
BUS_2170,Diesel,2025-10-31 10:54:38,5.49,0.3,1.65,L,1.9799999999999998
BUS_6484,Electric,2025-11-12 16:01:49,36.11,1.31,47.25,kWh,7.0874999999999995
BUS_3869,Diesel,2025-10-22 12:58:08,26.26,0.31,8.23,L,9.876
BUS_5358,Electric,2025-11-01 20:09:01,46.57,0.91,42.47,kWh,6.3705
BUS_7428,Diesel,2025-10-23 01:06:26,39.76,0.5,19.73,L,23.676
BUS_3544,Diesel,2025-11-04 17:36:19,39.0,0.46,17.97,L,21.563999999999997
BUS_7383,Hybrid,2025-11-08 10:57:06,11.83,0.33,3.91,L_eq,3.128
BUS_7183,CNG,2025-10-31 09:11:14,24.63,0.2,4.94,L_eq,4.446000000000001
BUS_4374,CNG,2025-10-26 10:52:42,35.52,0.35,12.36,L_eq,11.124
BUS_8705,Electric,2025-11-20 20:46:21,30.54,1.27,38.75,kWh,5.8125
BUS_9174,Hybrid,2025-11-21 10:30:48,12.66,0.41,5.19,L_eq,4.152
BUS_8511,Electric,2025-11-05 19:17:18,37.04,1.08,39.97,kWh,5.9955
BUS_1109,CNG,2025-11-01 19:42:56,15.12,0.22,3.38,L_eq,3.042
BUS_3022,Electric,2025-11-02 10:59:25,25.03,1.08,27.03,kWh,4.0545
BUS_4922,Electric,2025-11-15 01:23:19,17.25,1.0,17.26,kWh,2.589
BUS_4384,Diesel,2025-11-08 16:59:04,28.47,0.54,15.49,L,18.588
BUS_9117,Hybrid,2025-10-23 20:55:49,28.98,0.31,8.91,L_eq,7.128
BUS_3597,Electric,2025-11-04 17:09:53,26.03,1.0,26.0,kWh,3.9
BUS_7551,CNG,2025-11-15 00:15:27,45.04,0.4,17.86,L_eq,16.074
BUS_1403,Electric,2025-11-20 12:07:57,36.35,1.39,50.67,kWh,7.6005
BUS_2765,Electric,2025-11-01 05:39:47,5.07,0.81,4.11,kWh,0.6165
BUS_3162,Electric,2025-10-22 10:22:24,31.37,1.28,40.04,kWh,6.005999999999999
BUS_5939,Diesel,2025-10-31 14:31:03,19.62,0.36,7.1,L,8.52
BUS_6473,Electric,2025-11-10 07:32:01,24.6,1.42,34.87,kWh,5.230499999999999
BUS_9331,Diesel,2025-10-27 11:19:19,22.86,0.59,13.6,L,16.32
BUS_2275,Electric,2025-11-04 13:11:35,7.8,0.83,6.48,kWh,0.972
BUS_4542,Hybrid,2025-11-18 17:06:43,41.29,0.22,9.07,L_eq,7.256
BUS_8708,Hybrid,2025-11-15 08:58:53,31.45,0.47,14.92,L_eq,11.936
BUS_4302,Electric,2025-11-15 01:37:29,49.49,1.02,50.59,kWh,7.5885
BUS_9785,CNG,2025-10-30 08:40:48,18.44,0.29,5.44,L_eq,4.896000000000001
BUS_4627,Electric,2025-11-17 20:56:10,42.49,1.32,56.1,kWh,8.415
BUS_3712,Diesel,2025-10-31 11:49:07,9.48,0.36,3.41,L,4.092
BUS_2449,Diesel,2025-11-18 13:09:23,45.58,0.57,25.76,L,30.912
BUS_2669,Hybrid,2025-11-20 08:34:26,20.81,0.21,4.33,L_eq,3.4640000000000004
BUS_7936,Hybrid,2025-11-18 12:29:45,32.43,0.44,14.34,L_eq,11.472000000000001
BUS_4174,CNG,2025-10-30 14:33:57,17.34,0.5,8.6,L_eq,7.74
BUS_5936,Diesel,2025-10-25 06:12:38,12.18,0.45,5.49,L,6.588
BUS_6747,Hybrid,2025-11-19 15:19:17,24.0,0.48,11.45,L_eq,9.16
BUS_1663,Electric,2025-10-28 07:28:40,34.5,1.03,35.67,kWh,5.3505
BUS_9275,CNG,2025-10-25 05:50:52,37.39,0.45,16.97,L_eq,15.273
BUS_6704,Diesel,2025-10-28 06:31:39,14.72,0.33,4.9,L,5.88
BUS_9031,Electric,2025-11-03 16:32:39,37.34,1.01,37.66,kWh,5.648999999999999
BUS_5891,Electric,2025-11-18 18:02:43,36.95,0.89,32.95,kWh,4.9425
BUS_1581,Electric,2025-11-02 03:39:31,31.39,1.29,40.43,kWh,6.0645
BUS_6289,CNG,2025-11-16 11:29:32,32.42,0.49,15.78,L_eq,14.202
BUS_6744,CNG,2025-11-04 09:40:30,47.99,0.38,18.05,L_eq,16.245
BUS_1051,Diesel,2025-10-31 09:34:59,21.6,0.45,9.68,L,11.616
BUS_3988,Hybrid,2025-10-23 04:59:37,27.31,0.37,10.05,L_eq,8.040000000000001
BUS_7376,Electric,2025-11-16 22:58:54,29.64,1.22,36.27,kWh,5.4405
BUS_3021,Hybrid,2025-11-20 21:57:13,49.1,0.31,15.32,L_eq,12.256
BUS_8803,Electric,2025-11-03 08:44:03,47.61,1.17,55.65,kWh,8.3475
BUS_9300,Diesel,2025-11-18 06:38:32,12.85,0.31,4.03,L,4.836
BUS_1174,Hybrid,2025-11-13 02:55:20,23.83,0.43,10.3,L_eq,8.24
BUS_1038,Diesel,2025-10-22 04:20:15,20.82,0.3,6.27,L,7.523999999999999
BUS_9447,CNG,2025-11-11 19:41:03,5.29,0.48,2.52,L_eq,2.2680000000000002
BUS_9819,Electric,2025-10-24 14:29:04,26.54,1.39,36.96,kWh,5.544
BUS_3173,CNG,2025-11-06 18:22:53,38.22,0.32,12.04,L_eq,10.836
BUS_2112,Diesel,2025-11-12 02:00:54,18.23,0.51,9.28,L,11.136
BUS_3394,CNG,2025-11-10 20:06:17,46.36,0.34,15.94,L_eq,14.346
BUS_2340,Hybrid,2025-11-04 09:20:04,11.9,0.38,4.47,L_eq,3.576
BUS_3221,Electric,2025-10-27 23:52:17,20.25,0.8,16.22,kWh,2.433
BUS_4860,Hybrid,2025-11-16 05:55:03,31.91,0.25,7.98,L_eq,6.384
BUS_1494,Diesel,2025-11-13 17:40:22,47.76,0.35,16.58,L,19.895999999999997
BUS_3163,Hybrid,2025-11-15 03:26:47,16.61,0.27,4.49,L_eq,3.5920000000000005
BUS_2234,Diesel,2025-11-08 15:12:18,13.04,0.3,3.94,L,4.728
BUS_1633,CNG,2025-11-16 04:42:28,35.91,0.44,15.87,L_eq,14.283
BUS_3065,Electric,2025-10-24 04:42:00,43.72,1.1,48.2,kWh,7.23
BUS_7519,Electric,2025-11-01 23:40:39,41.06,1.37,56.13,kWh,8.4195
BUS_5993,Electric,2025-10-24 08:46:40,34.09,0.96,32.67,kWh,4.9005
BUS_2526,Electric,2025-11-04 13:52:31,11.43,1.47,16.84,kWh,2.526
BUS_7235,Diesel,2025-11-11 11:28:04,17.02,0.52,8.8,L,10.56
BUS_3004,Diesel,2025-11-16 22:21:46,27.63,0.44,12.16,L,14.591999999999999
BUS_6835,Electric,2025-11-12 21:01:17,34.18,1.33,45.42,kWh,6.813
BUS_7901,CNG,2025-11-06 10:30:30,34.65,0.22,7.72,L_eq,6.9479999999999995
BUS_7132,Electric,2025-10-22 08:04:15,10.13,0.82,8.33,kWh,1.2495
BUS_5446,Electric,2025-11-10 02:36:31,21.59,1.06,22.84,kWh,3.4259999999999997
BUS_4041,Electric,2025-10-31 12:47:41,17.22,1.41,24.31,kWh,3.6464999999999996
BUS_6229,Electric,2025-11-07 08:01:13,12.5,0.83,10.42,kWh,1.563
BUS_5765,Hybrid,2025-10-26 01:22:27,6.89,0.43,2.95,L_eq,2.3600000000000003
BUS_6047,Electric,2025-11-18 20:16:41,11.14,1.47,16.41,kWh,2.4615
BUS_6976,CNG,2025-10-23 07:37:13,30.35,0.38,11.5,L_eq,10.35
BUS_9730,Electric,2025-11-02 00:56:08,49.86,1.1,55.03,kWh,8.2545
BUS_9989,Electric,2025-11-11 15:50:46,25.62,1.41,36.09,kWh,5.4135
BUS_5655,Diesel,2025-10-25 16:47:21,29.51,0.47,13.98,L,16.776
BUS_4732,Electric,2025-11-03 05:18:45,45.89,1.48,68.09,kWh,10.2135
BUS_8381,Electric,2025-10-31 15:26:17,46.89,1.03,48.18,kWh,7.226999999999999
BUS_1680,Diesel,2025-10-30 01:41:41,11.09,0.33,3.64,L,4.368
BUS_8949,Electric,2025-11-07 01:38:04,23.51,1.13,26.54,kWh,3.981
BUS_4368,Hybrid,2025-11-06 04:10:30,42.36,0.29,12.2,L_eq,9.76
BUS_9518,Hybrid,2025-10-25 03:16:43,35.2,0.4,14.0,L_eq,11.200000000000001
BUS_9182,Electric,2025-11-21 11:23:48,14.22,1.38,19.59,kWh,2.9385
BUS_6285,Diesel,2025-11-21 10:34:52,45.53,0.4,18.15,L,21.779999999999998
BUS_5806,CNG,2025-10-26 18:45:14,29.52,0.42,12.5,L_eq,11.25
BUS_6407,CNG,2025-10-23 10:32:02,32.25,0.2,6.48,L_eq,5.832000000000001
BUS_4875,Hybrid,2025-11-14 09:15:41,18.6,0.35,6.56,L_eq,5.248
BUS_9839,Diesel,2025-11-12 01:19:01,12.96,0.33,4.33,L,5.196
BUS_5992,Diesel,2025-10-23 06:02:57,49.94,0.4,19.82,L,23.784
BUS_7797,Electric,2025-11-19 20:24:30,13.85,1.17,16.19,kWh,2.4285
BUS_2295,Diesel,2025-11-21 11:44:56,29.87,0.5,14.99,L,17.988
BUS_3233,Diesel,2025-11-07 07:33:02,16.22,0.34,5.58,L,6.696
BUS_5469,Electric,2025-11-03 05:48:29,17.25,1.43,24.71,kWh,3.7065
BUS_7057,Hybrid,2025-11-03 02:00:53,10.46,0.26,2.67,L_eq,2.136
BUS_9369,Hybrid,2025-10-27 07:42:12,30.05,0.26,7.77,L_eq,6.216
BUS_2257,CNG,2025-11-14 01:48:59,12.68,0.28,3.54,L_eq,3.186
BUS_4600,Hybrid,2025-11-02 15:46:06,24.35,0.41,10.11,L_eq,8.088
BUS_2350,Diesel,2025-11-07 15:07:23,34.95,0.59,20.74,L,24.887999999999998
BUS_9155,Electric,2025-10-24 17:28:43,46.39,1.34,62.28,kWh,9.342
BUS_8552,Electric,2025-11-07 06:43:07,33.88,1.14,38.64,kWh,5.796
BUS_1967,Hybrid,2025-11-16 07:31:31,39.06,0.34,13.17,L_eq,10.536000000000001
BUS_7528,Hybrid,2025-11-02 13:53:10,26.47,0.47,12.45,L_eq,9.96
BUS_9387,Diesel,2025-10-25 15:00:26,6.68,0.43,2.88,L,3.456
BUS_5603,Electric,2025-11-20 05:04:10,49.86,1.05,52.12,kWh,7.818
BUS_5866,CNG,2025-11-21 03:54:26,18.79,0.39,7.31,L_eq,6.579
BUS_6474,Electric,2025-11-12 08:59:01,38.79,1.18,45.87,kWh,6.8805
BUS_3701,Hybrid,2025-10-26 17:31:28,18.13,0.34,6.15,L_eq,4.920000000000001
BUS_8258,Hybrid,2025-11-21 10:38:38,20.16,0.31,6.22,L_eq,4.976
BUS_9334,CNG,2025-11-12 18:13:08,21.53,0.24,5.17,L_eq,4.6530000000000005
BUS_4784,Electric,2025-11-19 04:34:03,16.39,1.21,19.89,kWh,2.9835
BUS_9272,CNG,2025-10-28 03:29:35,11.16,0.3,3.37,L_eq,3.0330000000000004
BUS_1978,Hybrid,2025-10-26 05:42:54,31.99,0.31,9.85,L_eq,7.88
BUS_3536,CNG,2025-10-25 00:45:55,36.8,0.26,9.66,L_eq,8.694
BUS_8391,Diesel,2025-10-23 16:54:29,40.86,0.56,23.03,L,27.636
BUS_3979,Electric,2025-11-09 09:45:25,39.88,1.19,47.65,kWh,7.1475
BUS_4191,Electric,2025-11-06 07:03:25,6.86,1.2,8.26,kWh,1.2389999999999999
BUS_7461,Electric,2025-10-25 05:49:24,9.16,1.3,11.92,kWh,1.788
BUS_7373,Diesel,2025-10-28 06:38:59,14.23,0.4,5.75,L,6.8999999999999995
BUS_8889,CNG,2025-10-25 02:17:52,33.36,0.48,16.03,L_eq,14.427000000000001
BUS_3274,Diesel,2025-11-12 12:55:56,7.81,0.31,2.4,L,2.88
BUS_5523,CNG,2025-10-24 17:53:37,49.94,0.32,15.96,L_eq,14.364
BUS_8032,Electric,2025-11-05 17:17:57,18.95,0.86,16.39,kWh,2.4585
BUS_4473,Diesel,2025-11-20 17:37:19,35.82,0.47,16.91,L,20.291999999999998
BUS_5988,CNG,2025-11-21 11:37:07,48.03,0.26,12.64,L_eq,11.376000000000001
BUS_4517,Hybrid,2025-11-12 01:11:20,37.86,0.49,18.67,L_eq,14.936000000000002
BUS_7347,Electric,2025-10-25 06:42:40,16.64,1.25,20.76,kWh,3.1140000000000003
BUS_8045,Electric,2025-10-27 00:41:51,20.61,1.44,29.63,kWh,4.4445
BUS_9361,Diesel,2025-10-24 19:03:36,21.76,0.42,9.19,L,11.027999999999999
BUS_2700,CNG,2025-11-18 05:38:34,12.62,0.34,4.26,L_eq,3.834
BUS_9237,Diesel,2025-10-24 14:52:51,48.64,0.59,28.48,L,34.176
BUS_9071,Hybrid,2025-11-05 09:39:46,9.99,0.41,4.07,L_eq,3.2560000000000002
BUS_3975,Diesel,2025-11-09 14:29:16,39.5,0.34,13.57,L,16.284
BUS_7791,Electric,2025-11-10 14:03:16,39.3,0.97,38.3,kWh,5.744999999999999
BUS_7074,Diesel,2025-10-26 17:42:37,24.32,0.45,11.01,L,13.212
BUS_5660,Diesel,2025-11-21 01:16:08,18.07,0.58,10.5,L,12.6
BUS_8524,Diesel,2025-11-11 01:02:07,34.26,0.45,15.56,L,18.672
BUS_8907,CNG,2025-11-02 09:39:18,6.5,0.21,1.36,L_eq,1.2240000000000002
BUS_1493,Diesel,2025-11-20 04:36:59,5.03,0.35,1.75,L,2.1
BUS_1421,Hybrid,2025-11-21 09:04:55,35.99,0.4,14.23,L_eq,11.384
BUS_5562,Hybrid,2025-10-22 14:25:03,25.34,0.45,11.47,L_eq,9.176
BUS_4985,Electric,2025-11-13 02:19:20,6.89,1.41,9.74,kWh,1.461
BUS_1038,Electric,2025-11-09 17:21:33,5.97,1.18,7.02,kWh,1.053
BUS_3375,Electric,2025-11-13 14:54:10,33.43,0.8,26.77,kWh,4.015499999999999
BUS_8721,Hybrid,2025-11-11 20:50:21,49.84,0.47,23.49,L_eq,18.791999999999998
BUS_5145,CNG,2025-11-21 04:39:28,9.97,0.47,4.68,L_eq,4.212
BUS_7328,CNG,2025-11-21 03:30:57,18.66,0.23,4.24,L_eq,3.8160000000000003
BUS_2134,CNG,2025-10-27 00:03:26,7.97,0.25,2.02,L_eq,1.818
BUS_4126,Electric,2025-11-07 13:44:30,8.44,1.2,10.12,kWh,1.5179999999999998
BUS_6868,Diesel,2025-10-23 08:19:10,5.58,0.45,2.53,L,3.0359999999999996
BUS_6826,CNG,2025-11-13 03:05:51,41.48,0.28,11.42,L_eq,10.278
BUS_5964,Diesel,2025-11-16 04:39:24,31.33,0.54,16.83,L,20.195999999999998
BUS_9664,Hybrid,2025-11-07 00:26:00,7.12,0.26,1.88,L_eq,1.504
BUS_7266,Diesel,2025-11-19 14:54:43,32.45,0.49,15.91,L,19.092
BUS_9710,Electric,2025-10-31 10:19:01,48.22,1.44,69.39,kWh,10.4085
BUS_2989,CNG,2025-10-27 07:53:48,23.59,0.32,7.52,L_eq,6.768
BUS_1984,Electric,2025-10-27 01:42:07,33.7,0.87,29.42,kWh,4.413
BUS_2554,CNG,2025-10-22 16:22:38,38.76,0.47,18.21,L_eq,16.389000000000003
BUS_1033,Electric,2025-11-19 23:29:21,32.62,1.47,48.01,kWh,7.201499999999999
BUS_1557,CNG,2025-10-25 08:45:18,16.87,0.26,4.42,L_eq,3.978
BUS_8337,Electric,2025-11-19 20:49:22,23.22,0.89,20.61,kWh,3.0915
BUS_5964,CNG,2025-10-31 11:38:14,38.92,0.26,10.06,L_eq,9.054
BUS_7832,Diesel,2025-11-18 21:54:01,32.49,0.32,10.27,L,12.324
BUS_3367,CNG,2025-10-28 04:50:21,47.63,0.35,16.63,L_eq,14.966999999999999
BUS_3126,Electric,2025-11-15 18:58:08,10.69,1.46,15.6,kWh,2.34
BUS_9217,CNG,2025-11-03 12:39:17,37.64,0.31,11.51,L_eq,10.359
BUS_6409,Diesel,2025-11-08 08:07:14,48.68,0.4,19.6,L,23.52
BUS_1187,Hybrid,2025-11-11 12:34:07,20.63,0.22,4.53,L_eq,3.6240000000000006
BUS_6134,CNG,2025-11-14 10:55:51,24.84,0.37,9.29,L_eq,8.360999999999999
BUS_5960,Hybrid,2025-11-21 05:24:13,10.64,0.49,5.25,L_eq,4.2
BUS_9380,Electric,2025-11-12 16:05:05,16.07,1.34,21.46,kWh,3.219
BUS_4559,Hybrid,2025-10-31 02:40:35,9.83,0.47,4.63,L_eq,3.704
BUS_8787,CNG,2025-11-02 21:21:11,39.03,0.46,17.76,L_eq,15.984000000000002
BUS_2995,Diesel,2025-10-28 18:27:37,31.06,0.5,15.48,L,18.576
BUS_9322,Electric,2025-10-24 05:24:22,13.68,1.38,18.89,kWh,2.8335
BUS_9846,Electric,2025-10-25 00:32:14,15.32,1.22,18.73,kWh,2.8095
BUS_7183,Electric,2025-10-28 06:49:07,41.54,0.93,38.5,kWh,5.7749999999999995
BUS_5664,CNG,2025-11-06 05:10:41,20.56,0.39,8.0,L_eq,7.2
BUS_5670,Diesel,2025-11-19 11:04:40,28.76,0.59,17.0,L,20.4
BUS_8102,Electric,2025-11-12 05:51:35,28.34,1.44,40.9,kWh,6.135
BUS_5057,Hybrid,2025-11-15 23:53:41,12.81,0.45,5.73,L_eq,4.5840000000000005
BUS_4860,Hybrid,2025-11-08 10:51:41,21.54,0.44,9.37,L_eq,7.4959999999999996
BUS_2558,CNG,2025-11-06 04:37:14,39.39,0.2,8.04,L_eq,7.236
BUS_9950,CNG,2025-11-19 10:04:48,32.5,0.49,16.03,L_eq,14.427000000000001
BUS_5266,Diesel,2025-11-17 08:32:17,30.09,0.39,11.67,L,14.004
BUS_2986,Electric,2025-10-29 03:43:30,14.95,1.18,17.68,kWh,2.6519999999999997
BUS_3104,Hybrid,2025-10-29 05:48:14,36.54,0.27,10.02,L_eq,8.016
BUS_6596,Diesel,2025-11-13 21:05:41,28.14,0.34,9.58,L,11.496
BUS_6166,Electric,2025-11-06 01:41:30,8.21,1.43,11.72,kWh,1.758
BUS_8070,Hybrid,2025-11-20 08:59:23,26.05,0.41,10.59,L_eq,8.472
BUS_7122,Diesel,2025-11-07 17:34:04,46.79,0.43,20.15,L,24.179999999999996
BUS_3987,CNG,2025-11-05 05:10:26,40.95,0.21,8.69,L_eq,7.821
BUS_1808,CNG,2025-11-08 23:46:41,24.9,0.36,9.03,L_eq,8.126999999999999
BUS_4096,Hybrid,2025-10-22 11:28:33,29.88,0.41,12.17,L_eq,9.736
BUS_1020,Hybrid,2025-11-16 05:12:05,7.79,0.41,3.16,L_eq,2.5280000000000005
BUS_1009,Diesel,2025-11-19 13:18:43,16.1,0.42,6.8,L,8.16
BUS_7770,Electric,2025-10-29 02:31:53,22.48,1.42,31.98,kWh,4.797
BUS_6457,Diesel,2025-10-24 20:50:23,35.28,0.31,11.03,L,13.235999999999999
BUS_9090,Diesel,2025-11-02 14:38:10,17.05,0.35,6.0,L,7.199999999999999
BUS_5994,CNG,2025-11-15 16:53:00,37.04,0.24,8.84,L_eq,7.956
BUS_2057,Electric,2025-11-18 05:51:59,47.31,1.48,69.93,kWh,10.489500000000001
BUS_4559,Hybrid,2025-10-24 17:40:55,25.1,0.36,9.07,L_eq,7.256
BUS_3084,Diesel,2025-11-11 13:47:48,33.55,0.48,16.03,L,19.236
BUS_4352,Hybrid,2025-11-07 18:38:05,18.72,0.22,4.05,L_eq,3.24
BUS_1154,CNG,2025-10-31 13:43:32,43.26,0.27,11.56,L_eq,10.404
BUS_6118,Hybrid,2025-10-31 19:30:36,41.61,0.25,10.48,L_eq,8.384
BUS_7708,Hybrid,2025-10-31 20:32:46,37.31,0.27,10.24,L_eq,8.192
BUS_7409,Diesel,2025-10-25 09:45:22,20.49,0.56,11.55,L,13.860000000000001
BUS_5065,Electric,2025-11-07 15:59:48,36.51,0.85,30.96,kWh,4.644
BUS_2305,CNG,2025-10-31 06:40:30,28.06,0.41,11.6,L_eq,10.44
BUS_4534,CNG,2025-11-14 04:19:11,24.49,0.39,9.59,L_eq,8.631
BUS_3838,Hybrid,2025-11-13 18:37:23,46.0,0.24,10.91,L_eq,8.728
BUS_4300,CNG,2025-11-20 04:50:01,10.42,0.45,4.69,L_eq,4.221
BUS_3105,CNG,2025-11-07 03:52:20,8.71,0.4,3.5,L_eq,3.15
BUS_2536,Electric,2025-11-19 03:57:26,32.37,0.86,27.78,kWh,4.167
BUS_5684,Diesel,2025-11-18 13:36:38,9.23,0.44,4.05,L,4.859999999999999
BUS_8410,Hybrid,2025-11-07 09:07:58,45.73,0.37,16.71,L_eq,13.368000000000002
BUS_3142,Hybrid,2025-11-20 23:52:19,23.19,0.4,9.31,L_eq,7.448
BUS_8504,CNG,2025-11-05 15:09:21,43.28,0.23,9.86,L_eq,8.874
BUS_6596,Hybrid,2025-11-11 09:52:31,39.3,0.25,9.83,L_eq,7.864000000000001
BUS_6496,Diesel,2025-11-07 00:55:44,13.95,0.57,7.99,L,9.588
BUS_1543,Diesel,2025-10-29 23:07:47,17.28,0.49,8.49,L,10.188
BUS_2897,CNG,2025-10-27 04:12:59,38.98,0.31,12.02,L_eq,10.818
BUS_8699,CNG,2025-11-13 03:21:37,17.92,0.34,6.05,L_eq,5.445
BUS_5526,CNG,2025-10-24 03:13:02,13.16,0.34,4.42,L_eq,3.978
BUS_5393,Electric,2025-11-15 03:51:40,17.92,0.85,15.23,kWh,2.2845
BUS_8429,Hybrid,2025-11-01 17:41:10,28.18,0.28,7.95,L_eq,6.36
BUS_1736,Diesel,2025-10-22 06:22:02,27.18,0.47,12.78,L,15.335999999999999
BUS_5996,Hybrid,2025-11-01 21:54:11,28.57,0.45,12.73,L_eq,10.184000000000001
BUS_4212,CNG,2025-11-02 06:20:55,18.4,0.35,6.51,L_eq,5.859
BUS_2392,Diesel,2025-11-13 17:36:52,8.52,0.58,4.96,L,5.952
BUS_2025,CNG,2025-11-21 08:58:46,34.7,0.4,14.0,L_eq,12.6
BUS_7798,Diesel,2025-11-01 10:23:03,22.7,0.49,11.1,L,13.319999999999999
BUS_1989,Diesel,2025-11-02 16:32:14,10.89,0.38,4.1,L,4.919999999999999
BUS_1658,Diesel,2025-11-14 10:10:11,30.49,0.54,16.4,L,19.679999999999996
BUS_4188,Electric,2025-11-07 04:18:11,49.16,0.88,43.1,kWh,6.465
BUS_4310,CNG,2025-11-09 08:01:44,37.14,0.46,17.2,L_eq,15.48
BUS_2117,Diesel,2025-11-01 01:16:15,23.15,0.39,9.1,L,10.92
BUS_8301,Electric,2025-11-10 12:27:28,29.52,1.2,35.5,kWh,5.325
BUS_7764,CNG,2025-10-31 00:43:13,48.24,0.45,21.47,L_eq,19.323
BUS_7683,Electric,2025-10-22 09:53:44,18.33,0.86,15.71,kWh,2.3565
BUS_7136,Hybrid,2025-11-08 16:46:21,26.47,0.22,5.93,L_eq,4.744
BUS_7331,CNG,2025-10-22 13:35:06,9.35,0.4,3.71,L_eq,3.339
BUS_8537,Diesel,2025-10-25 15:57:46,5.47,0.33,1.83,L,2.196
BUS_9237,Hybrid,2025-11-08 11:01:41,11.46,0.36,4.09,L_eq,3.2720000000000002
BUS_6653,Diesel,2025-10-23 13:01:58,20.42,0.42,8.54,L,10.248
BUS_7396,Diesel,2025-11-18 00:19:21,24.63,0.33,8.01,L,9.612
BUS_9993,Diesel,2025-10-27 16:15:54,8.59,0.38,3.31,L,3.972
BUS_7253,Hybrid,2025-10-28 23:58:13,12.67,0.31,3.93,L_eq,3.144
BUS_9969,Electric,2025-11-05 04:36:20,16.37,1.42,23.29,kWh,3.4934999999999996
BUS_2365,Hybrid,2025-11-12 11:10:21,40.44,0.41,16.66,L_eq,13.328000000000001
BUS_4292,Electric,2025-10-31 12:33:23,15.95,1.26,20.09,kWh,3.0135
BUS_5098,Hybrid,2025-11-19 12:26:02,15.58,0.22,3.37,L_eq,2.696
BUS_8423,Hybrid,2025-11-08 13:23:04,34.99,0.31,10.85,L_eq,8.68
BUS_8586,CNG,2025-10-24 05:12:46,48.43,0.47,22.67,L_eq,20.403000000000002
BUS_8541,CNG,2025-10-23 12:38:46,34.12,0.43,14.74,L_eq,13.266
BUS_5669,Hybrid,2025-10-31 18:03:17,39.0,0.38,14.75,L_eq,11.8
BUS_6231,Hybrid,2025-10-31 16:32:34,14.84,0.32,4.68,L_eq,3.7439999999999998
BUS_1816,Diesel,2025-11-04 21:03:41,8.69,0.38,3.26,L,3.9119999999999995
BUS_5078,CNG,2025-10-30 12:57:19,26.23,0.4,10.58,L_eq,9.522
BUS_9631,CNG,2025-11-01 17:08:58,26.55,0.43,11.33,L_eq,10.197000000000001
BUS_4384,Diesel,2025-11-03 19:18:38,7.45,0.4,2.99,L,3.588
BUS_9152,Electric,2025-10-30 13:06:58,41.14,0.98,40.18,kWh,6.027
BUS_8967,Electric,2025-11-07 13:58:33,10.34,0.92,9.55,kWh,1.4325
BUS_9328,CNG,2025-11-18 00:06:18,45.59,0.36,16.38,L_eq,14.741999999999999
BUS_6060,Hybrid,2025-11-03 00:37:44,5.19,0.29,1.49,L_eq,1.192
BUS_4687,Diesel,2025-10-30 18:04:33,17.23,0.44,7.55,L,9.059999999999999
BUS_7354,CNG,2025-10-31 14:24:07,47.58,0.39,18.52,L_eq,16.668
BUS_6986,Diesel,2025-10-23 03:06:00,47.9,0.33,15.76,L,18.912
BUS_5498,Hybrid,2025-10-30 15:12:18,38.95,0.28,10.75,L_eq,8.6
BUS_7722,Electric,2025-11-03 19:03:56,21.84,1.16,25.28,kWh,3.792
BUS_9922,Diesel,2025-10-26 23:57:18,16.44,0.35,5.68,L,6.816
BUS_6229,Electric,2025-10-23 02:31:10,14.1,0.94,13.19,kWh,1.9785
BUS_5460,Electric,2025-10-28 17:57:37,16.06,0.86,13.77,kWh,2.0654999999999997
BUS_1068,CNG,2025-11-09 11:32:13,5.04,0.29,1.44,L_eq,1.296
BUS_2257,CNG,2025-10-27 11:20:53,5.99,0.38,2.3,L_eq,2.07
BUS_6542,Diesel,2025-11-07 12:18:18,37.05,0.41,15.3,L,18.36
BUS_5732,Electric,2025-11-01 07:00:15,11.41,1.09,12.49,kWh,1.8735
BUS_1909,Hybrid,2025-11-05 21:29:42,22.38,0.49,10.98,L_eq,8.784
BUS_8899,Electric,2025-11-13 05:34:32,47.28,1.16,54.87,kWh,8.2305
BUS_4432,Hybrid,2025-11-02 17:51:17,5.64,0.43,2.42,L_eq,1.936
BUS_7944,Electric,2025-11-09 00:43:21,16.54,1.38,22.76,kWh,3.414
BUS_3483,Diesel,2025-11-09 03:52:46,40.64,0.56,22.71,L,27.252
BUS_4635,CNG,2025-10-30 09:42:31,35.28,0.28,9.79,L_eq,8.811
BUS_3788,CNG,2025-11-16 15:58:26,21.95,0.45,9.81,L_eq,8.829
BUS_5435,Hybrid,2025-11-21 08:08:42,26.29,0.45,11.77,L_eq,9.416
BUS_4823,Electric,2025-11-12 03:22:41,34.55,1.12,38.8,kWh,5.819999999999999
BUS_2262,Electric,2025-10-25 06:13:49,13.19,1.41,18.53,kWh,2.7795
BUS_8128,CNG,2025-10-27 20:06:53,29.38,0.31,9.1,L_eq,8.19
BUS_6369,Diesel,2025-10-29 02:20:08,28.67,0.34,9.83,L,11.796
BUS_6769,Electric,2025-10-28 10:26:48,18.21,0.98,17.85,kWh,2.6775
BUS_4032,Electric,2025-10-31 07:00:28,28.67,1.14,32.57,kWh,4.8854999999999995
BUS_5433,Hybrid,2025-10-31 09:23:05,41.92,0.24,10.24,L_eq,8.192
BUS_4890,CNG,2025-11-16 22:31:52,41.76,0.48,19.99,L_eq,17.991
BUS_1900,Diesel,2025-11-09 10:41:23,45.52,0.52,23.64,L,28.368
BUS_2997,Hybrid,2025-11-09 06:05:56,9.92,0.39,3.88,L_eq,3.104
BUS_1455,Diesel,2025-11-06 12:30:01,9.05,0.51,4.62,L,5.544
BUS_2458,Diesel,2025-11-20 04:35:07,23.29,0.51,11.87,L,14.243999999999998
BUS_8278,Hybrid,2025-11-11 22:30:38,39.04,0.23,8.91,L_eq,7.128
BUS_3431,Diesel,2025-11-02 22:58:51,35.26,0.31,10.79,L,12.947999999999999
BUS_2848,Electric,2025-10-24 07:52:52,42.29,1.23,52.19,kWh,7.828499999999999
BUS_9268,CNG,2025-11-20 23:47:04,44.97,0.25,11.37,L_eq,10.232999999999999
BUS_9982,Electric,2025-11-19 14:20:39,43.54,0.9,39.04,kWh,5.856
BUS_7446,Electric,2025-10-31 06:22:47,48.42,0.98,47.54,kWh,7.130999999999999
BUS_4446,CNG,2025-11-17 01:55:33,23.03,0.41,9.46,L_eq,8.514000000000001
BUS_7284,CNG,2025-11-05 08:48:27,23.88,0.39,9.32,L_eq,8.388
BUS_8890,Hybrid,2025-10-29 07:09:10,41.62,0.23,9.64,L_eq,7.712000000000001
BUS_7966,Hybrid,2025-11-06 23:50:08,24.35,0.38,9.37,L_eq,7.4959999999999996
BUS_5473,CNG,2025-11-03 02:02:09,48.04,0.31,14.69,L_eq,13.221
BUS_4894,Electric,2025-10-24 16:06:40,49.71,1.26,62.66,kWh,9.399
BUS_3387,CNG,2025-11-04 16:22:08,31.03,0.3,9.36,L_eq,8.424
BUS_8695,CNG,2025-10-28 05:23:41,16.67,0.37,6.23,L_eq,5.607
BUS_4720,Hybrid,2025-11-15 18:14:12,40.21,0.24,9.8,L_eq,7.840000000000001
BUS_4903,Electric,2025-11-19 10:33:54,13.43,1.27,17.01,kWh,2.5515000000000003
BUS_9253,CNG,2025-11-14 19:46:31,28.0,0.42,11.73,L_eq,10.557
BUS_9336,CNG,2025-11-01 05:50:21,34.47,0.21,7.25,L_eq,6.525
BUS_9057,Electric,2025-10-26 00:54:24,39.06,1.11,43.25,kWh,6.4875
BUS_9680,Hybrid,2025-11-13 22:25:37,36.4,0.35,12.76,L_eq,10.208
BUS_5230,CNG,2025-11-20 22:27:16,6.78,0.37,2.5,L_eq,2.25
BUS_2695,Diesel,2025-10-25 05:38:33,38.53,0.37,14.44,L,17.328
BUS_5519,Electric,2025-10-30 05:08:03,35.08,1.37,47.93,kWh,7.1895
BUS_5876,CNG,2025-11-15 18:38:16,8.96,0.25,2.23,L_eq,2.007
BUS_5738,Hybrid,2025-11-09 22:14:51,32.65,0.38,12.28,L_eq,9.824
BUS_4605,Diesel,2025-11-15 19:16:21,6.95,0.45,3.1,L,3.7199999999999998
BUS_4469,Hybrid,2025-11-09 06:06:41,26.78,0.39,10.44,L_eq,8.352
BUS_2067,CNG,2025-11-15 06:57:24,20.65,0.42,8.76,L_eq,7.884
BUS_1138,Hybrid,2025-11-16 06:36:48,32.76,0.46,14.98,L_eq,11.984000000000002
BUS_3395,CNG,2025-11-13 14:58:14,49.83,0.47,23.48,L_eq,21.132
BUS_3183,CNG,2025-10-30 18:36:30,42.53,0.29,12.32,L_eq,11.088000000000001
BUS_7543,Diesel,2025-11-06 17:00:40,13.33,0.49,6.49,L,7.788
BUS_1429,Diesel,2025-11-09 05:39:37,44.43,0.52,22.89,L,27.468
BUS_3718,Electric,2025-11-16 14:17:00,24.96,1.14,28.55,kWh,4.2825
BUS_1978,Diesel,2025-11-14 13:08:30,40.07,0.37,14.69,L,17.628
BUS_6790,Hybrid,2025-11-15 02:32:04,34.87,0.39,13.63,L_eq,10.904000000000002
BUS_5405,Electric,2025-11-14 02:01:41,47.75,1.12,53.43,kWh,8.0145
BUS_8101,Hybrid,2025-11-04 02:41:36,47.45,0.41,19.69,L_eq,15.752000000000002
BUS_3577,Electric,2025-11-19 07:11:29,39.18,0.89,34.86,kWh,5.229
BUS_8428,Electric,2025-11-10 13:11:45,28.19,1.46,41.23,kWh,6.184499999999999
BUS_9881,Hybrid,2025-11-19 10:26:56,35.97,0.2,7.28,L_eq,5.824000000000001
BUS_1571,Hybrid,2025-10-23 20:42:26,12.17,0.45,5.51,L_eq,4.408
BUS_8577,CNG,2025-11-01 03:27:54,17.01,0.23,3.96,L_eq,3.564
BUS_9347,Electric,2025-11-01 17:49:35,37.44,1.42,53.05,kWh,7.9575
BUS_2573,Hybrid,2025-10-31 22:34:21,46.72,0.31,14.28,L_eq,11.424
BUS_8976,Diesel,2025-11-13 00:46:17,19.65,0.34,6.64,L,7.967999999999999
BUS_9891,Diesel,2025-11-02 11:08:16,27.75,0.58,16.04,L,19.247999999999998
BUS_6503,Electric,2025-11-10 07:19:00,40.23,0.99,39.71,kWh,5.9565
BUS_9228,Electric,2025-11-01 16:44:24,25.57,0.8,20.48,kWh,3.072
BUS_9400,CNG,2025-11-05 22:34:28,27.19,0.3,8.15,L_eq,7.335000000000001
BUS_7077,Diesel,2025-11-11 17:14:51,33.85,0.54,18.25,L,21.9
BUS_1888,Electric,2025-11-09 09:23:36,8.28,0.84,6.94,kWh,1.041
BUS_6534,Electric,2025-11-18 19:45:17,28.13,1.34,37.74,kWh,5.6610000000000005
BUS_3654,CNG,2025-10-29 17:13:19,13.94,0.26,3.59,L_eq,3.231
BUS_7003,Diesel,2025-11-09 05:55:35,22.26,0.51,11.46,L,13.752
BUS_9247,Diesel,2025-11-03 10:36:29,6.98,0.46,3.24,L,3.888
BUS_3985,Diesel,2025-11-17 19:29:58,44.98,0.33,14.74,L,17.688
BUS_4047,Electric,2025-10-26 04:48:40,7.16,1.35,9.64,kWh,1.446
BUS_4911,Hybrid,2025-10-28 14:33:58,49.6,0.49,24.37,L_eq,19.496000000000002
BUS_8361,Electric,2025-10-26 03:57:35,10.01,1.28,12.85,kWh,1.9274999999999998
BUS_5154,Hybrid,2025-11-05 09:48:57,14.84,0.44,6.49,L_eq,5.192
BUS_3019,CNG,2025-11-12 15:56:46,30.56,0.42,12.74,L_eq,11.466000000000001
BUS_1692,Hybrid,2025-11-16 06:31:47,13.2,0.38,5.06,L_eq,4.048
BUS_9140,Electric,2025-11-08 03:40:28,14.19,1.17,16.62,kWh,2.493
BUS_7740,Electric,2025-11-02 06:14:10,48.32,1.07,51.71,kWh,7.7565
BUS_4660,Diesel,2025-11-19 10:25:31,47.73,0.44,20.78,L,24.936
BUS_9440,Electric,2025-10-24 01:59:41,30.07,1.03,30.97,kWh,4.645499999999999
BUS_8557,Diesel,2025-11-13 16:07:08,29.23,0.58,17.09,L,20.508
BUS_3441,CNG,2025-11-15 22:53:18,40.27,0.24,9.66,L_eq,8.694
BUS_3690,CNG,2025-11-21 05:43:26,26.83,0.36,9.78,L_eq,8.802
BUS_9832,CNG,2025-11-07 09:57:50,37.91,0.43,16.23,L_eq,14.607000000000001
BUS_6883,Electric,2025-11-11 18:30:18,43.26,1.31,56.64,kWh,8.496
BUS_4378,CNG,2025-11-12 23:41:21,6.38,0.42,2.67,L_eq,2.403
BUS_2871,Diesel,2025-11-13 18:47:46,33.91,0.53,18.06,L,21.671999999999997
BUS_1014,Hybrid,2025-11-12 01:57:56,19.58,0.31,6.06,L_eq,4.848
BUS_1140,Hybrid,2025-11-10 22:31:28,39.86,0.24,9.66,L_eq,7.728000000000001
BUS_7720,Hybrid,2025-11-08 22:14:32,45.01,0.38,16.94,L_eq,13.552000000000001
BUS_4824,Hybrid,2025-11-15 05:44:22,32.94,0.25,8.1,L_eq,6.48
BUS_5888,Hybrid,2025-11-06 11:24:56,10.18,0.4,4.05,L_eq,3.24
BUS_6030,Diesel,2025-11-04 08:09:02,31.29,0.38,11.75,L,14.1
BUS_7041,Diesel,2025-11-09 15:33:15,13.94,0.34,4.78,L,5.736
BUS_3305,Hybrid,2025-10-23 06:51:31,31.71,0.28,8.86,L_eq,7.088
BUS_6135,Diesel,2025-10-30 19:16:09,18.21,0.51,9.29,L,11.147999999999998
BUS_5128,Diesel,2025-11-12 12:39:51,46.06,0.53,24.5,L,29.4
BUS_4750,CNG,2025-11-02 10:26:44,30.15,0.45,13.65,L_eq,12.285
BUS_4416,Hybrid,2025-11-03 23:32:07,23.2,0.34,7.85,L_eq,6.28
BUS_4915,CNG,2025-10-25 18:28:35,27.65,0.3,8.32,L_eq,7.488
BUS_5557,CNG,2025-11-08 12:26:00,19.97,0.23,4.63,L_eq,4.167
BUS_1661,Diesel,2025-10-26 02:05:04,31.48,0.4,12.5,L,15.0
BUS_6889,Hybrid,2025-11-05 09:11:53,42.79,0.4,17.17,L_eq,13.736000000000002
BUS_7095,CNG,2025-11-15 10:39:30,8.27,0.45,3.73,L_eq,3.357
BUS_1173,Hybrid,2025-11-15 23:30:17,39.37,0.34,13.28,L_eq,10.624
BUS_4750,Electric,2025-11-17 14:57:20,21.07,1.13,23.82,kWh,3.573
BUS_3158,Diesel,2025-10-25 21:07:18,20.09,0.51,10.24,L,12.288
BUS_6118,Diesel,2025-11-04 12:07:06,49.13,0.38,18.87,L,22.644000000000002
BUS_1289,Electric,2025-11-02 03:23:53,34.8,1.2,41.68,kWh,6.252
BUS_9711,Hybrid,2025-10-26 20:42:53,33.58,0.25,8.26,L_eq,6.6080000000000005
BUS_3685,Diesel,2025-10-27 20:13:29,42.22,0.42,17.85,L,21.42
BUS_6284,Electric,2025-10-25 13:11:14,23.07,0.95,21.91,kWh,3.2864999999999998
BUS_5615,Diesel,2025-11-08 13:45:59,9.7,0.48,4.62,L,5.544
BUS_7665,Electric,2025-10-23 22:39:39,13.01,1.06,13.83,kWh,2.0745
BUS_3609,CNG,2025-11-17 14:13:35,19.02,0.41,7.76,L_eq,6.984
BUS_3619,Hybrid,2025-10-31 19:26:02,45.16,0.41,18.51,L_eq,14.808000000000002
BUS_1098,Electric,2025-11-07 06:54:57,43.66,0.89,39.02,kWh,5.853000000000001
BUS_3940,Diesel,2025-10-31 15:10:10,7.94,0.48,3.77,L,4.524
BUS_1349,Diesel,2025-11-07 01:39:14,33.75,0.47,15.73,L,18.876
BUS_7659,Diesel,2025-11-03 05:21:31,41.18,0.56,23.07,L,27.684
BUS_3176,Hybrid,2025-11-05 18:44:57,6.15,0.32,1.95,L_eq,1.56
BUS_3255,Diesel,2025-11-04 09:50:03,25.1,0.36,9.13,L,10.956000000000001
BUS_5779,Diesel,2025-10-31 08:10:28,15.82,0.32,5.11,L,6.132000000000001
BUS_3756,Hybrid,2025-11-20 09:48:38,42.47,0.25,10.6,L_eq,8.48
BUS_6337,Diesel,2025-10-28 18:41:04,21.47,0.58,12.49,L,14.988
BUS_3460,CNG,2025-11-17 10:50:50,33.58,0.26,8.7,L_eq,7.829999999999999
BUS_8703,CNG,2025-11-03 18:18:17,18.43,0.29,5.26,L_eq,4.734
BUS_2056,Diesel,2025-10-22 12:00:09,33.98,0.4,13.58,L,16.296
BUS_9186,Diesel,2025-11-05 14:58:21,14.53,0.53,7.69,L,9.228
BUS_6706,CNG,2025-11-04 18:26:00,15.42,0.48,7.43,L_eq,6.687
BUS_1448,CNG,2025-11-07 21:54:57,35.99,0.43,15.34,L_eq,13.806000000000001
BUS_5418,Diesel,2025-11-10 16:32:02,48.97,0.32,15.74,L,18.887999999999998
BUS_9626,Hybrid,2025-11-10 18:48:10,22.82,0.34,7.67,L_eq,6.136
BUS_4146,CNG,2025-11-19 05:45:18,22.88,0.38,8.75,L_eq,7.875
BUS_3167,Electric,2025-10-22 15:54:49,12.71,1.12,14.27,kWh,2.1405
BUS_8404,Hybrid,2025-11-13 23:59:04,45.79,0.22,9.98,L_eq,7.984000000000001
BUS_3391,Diesel,2025-11-15 23:20:13,39.61,0.45,17.73,L,21.276
BUS_4615,Diesel,2025-10-29 07:59:06,41.94,0.47,19.63,L,23.555999999999997
BUS_1226,Diesel,2025-11-10 09:11:14,14.6,0.39,5.63,L,6.755999999999999
BUS_3674,Diesel,2025-11-02 03:12:29,31.37,0.43,13.48,L,16.176
BUS_6833,Diesel,2025-11-02 02:26:53,12.96,0.54,7.0,L,8.4
BUS_6230,CNG,2025-11-01 06:34:55,39.35,0.41,16.05,L_eq,14.445
BUS_5347,Diesel,2025-11-14 02:49:14,36.02,0.4,14.3,L,17.16
BUS_3493,CNG,2025-11-02 10:22:02,43.81,0.23,10.2,L_eq,9.18
BUS_3438,Diesel,2025-11-16 03:02:24,12.04,0.35,4.25,L,5.1
BUS_3909,Hybrid,2025-11-19 13:58:07,28.42,0.49,13.85,L_eq,11.08
BUS_6988,Electric,2025-11-17 21:54:12,48.43,1.37,66.33,kWh,9.949499999999999
BUS_8659,CNG,2025-11-13 20:10:47,22.05,0.43,9.4,L_eq,8.46
BUS_3378,Electric,2025-11-13 11:37:52,7.53,1.14,8.59,kWh,1.2885
BUS_3209,Electric,2025-11-07 14:57:25,9.82,1.05,10.27,kWh,1.5405
BUS_2680,CNG,2025-10-26 06:06:45,28.29,0.41,11.7,L_eq,10.53
BUS_2560,Diesel,2025-11-06 06:49:07,28.41,0.55,15.52,L,18.624
BUS_3688,Diesel,2025-10-31 04:55:01,20.71,0.45,9.29,L,11.147999999999998
BUS_2242,Hybrid,2025-11-11 21:38:24,27.25,0.31,8.46,L_eq,6.768000000000001
BUS_4199,Hybrid,2025-11-11 08:42:05,10.98,0.26,2.87,L_eq,2.2960000000000003
BUS_3042,Electric,2025-11-01 06:14:38,33.54,1.46,48.88,kWh,7.332
BUS_5170,Diesel,2025-11-12 09:09:36,18.84,0.32,5.99,L,7.188
BUS_5050,Electric,2025-11-12 22:18:55,37.03,1.45,53.68,kWh,8.052
BUS_1386,Hybrid,2025-11-18 04:41:51,46.39,0.5,23.16,L_eq,18.528000000000002
BUS_1993,Diesel,2025-10-23 13:08:01,45.78,0.42,19.18,L,23.016
BUS_7831,Diesel,2025-11-09 06:37:02,30.9,0.43,13.21,L,15.852
BUS_5915,CNG,2025-10-28 19:56:55,43.27,0.25,10.72,L_eq,9.648000000000001
BUS_1294,CNG,2025-11-19 02:54:21,40.88,0.25,10.39,L_eq,9.351
BUS_6543,Diesel,2025-10-28 07:35:36,23.49,0.51,12.04,L,14.447999999999999
BUS_9954,Diesel,2025-11-05 22:04:37,23.85,0.36,8.64,L,10.368
BUS_9349,Hybrid,2025-10-22 13:20:21,46.46,0.41,18.99,L_eq,15.192
BUS_5855,CNG,2025-11-15 08:22:10,25.36,0.47,12.03,L_eq,10.827
BUS_1102,Diesel,2025-11-08 07:16:18,47.25,0.48,22.51,L,27.012
BUS_5455,Hybrid,2025-11-07 13:58:53,10.78,0.39,4.26,L_eq,3.408
BUS_8304,Hybrid,2025-11-02 00:46:32,10.38,0.5,5.17,L_eq,4.136
BUS_4969,Electric,2025-11-11 10:24:07,12.6,0.94,11.91,kWh,1.7865
BUS_5075,Diesel,2025-11-11 18:03:32,16.16,0.59,9.58,L,11.496
BUS_3218,Diesel,2025-11-10 16:01:07,45.62,0.51,23.24,L,27.887999999999998
BUS_1059,Electric,2025-11-17 04:24:50,21.41,0.88,18.79,kWh,2.8185
BUS_9119,Diesel,2025-11-05 15:09:45,18.62,0.44,8.15,L,9.78
BUS_6830,CNG,2025-11-06 21:58:12,16.0,0.48,7.74,L_eq,6.966
BUS_1968,Electric,2025-11-19 13:54:44,43.62,1.49,65.14,kWh,9.770999999999999
BUS_9148,Diesel,2025-10-23 05:08:10,15.12,0.54,8.19,L,9.828
BUS_2902,Hybrid,2025-11-18 15:20:08,41.83,0.42,17.66,L_eq,14.128
BUS_1032,CNG,2025-10-23 15:35:10,17.59,0.23,3.96,L_eq,3.564
BUS_7757,Electric,2025-10-28 20:09:49,29.63,1.27,37.53,kWh,5.6295
BUS_8702,Hybrid,2025-10-29 13:07:23,6.67,0.28,1.87,L_eq,1.4960000000000002
BUS_3121,CNG,2025-11-07 02:49:47,37.51,0.36,13.49,L_eq,12.141
BUS_4247,CNG,2025-11-18 16:03:01,39.63,0.49,19.47,L_eq,17.523
BUS_5538,Electric,2025-11-20 08:36:32,18.84,1.18,22.32,kWh,3.348
BUS_2697,Diesel,2025-11-20 14:14:30,36.64,0.45,16.48,L,19.776
BUS_4210,CNG,2025-11-18 22:40:37,6.51,0.46,2.98,L_eq,2.682
BUS_1566,Diesel,2025-11-10 01:28:30,33.74,0.58,19.68,L,23.616
BUS_6837,Diesel,2025-11-09 14:19:41,18.66,0.4,7.5,L,9.0
BUS_2542,Electric,2025-10-31 23:58:32,44.94,1.47,66.28,kWh,9.942
BUS_1044,CNG,2025-11-10 01:11:02,36.74,0.4,14.74,L_eq,13.266
BUS_5937,Diesel,2025-10-25 04:17:11,31.63,0.49,15.56,L,18.672
BUS_5547,Hybrid,2025-11-17 00:47:11,10.45,0.46,4.79,L_eq,3.8320000000000003
BUS_9265,CNG,2025-11-09 20:17:17,11.76,0.38,4.44,L_eq,3.9960000000000004
BUS_3646,Diesel,2025-10-31 05:29:25,5.73,0.38,2.19,L,2.6279999999999997
BUS_6858,Electric,2025-11-14 03:12:57,5.58,1.28,7.14,kWh,1.071
BUS_6465,Hybrid,2025-10-27 08:37:58,9.62,0.26,2.46,L_eq,1.968
BUS_6968,CNG,2025-11-07 01:11:16,36.77,0.35,12.89,L_eq,11.601
BUS_6173,Electric,2025-11-18 17:35:35,25.99,1.07,27.82,kWh,4.173
BUS_5640,Electric,2025-11-13 00:08:12,9.36,1.06,9.92,kWh,1.488
BUS_1847,Hybrid,2025-11-05 20:59:51,43.18,0.21,9.28,L_eq,7.4239999999999995
BUS_9768,Hybrid,2025-10-26 14:41:39,38.3,0.29,11.27,L_eq,9.016
BUS_9197,Hybrid,2025-10-30 09:46:58,13.96,0.22,3.04,L_eq,2.4320000000000004
BUS_7582,Hybrid,2025-10-27 03:35:37,5.82,0.27,1.55,L_eq,1.2400000000000002
BUS_7343,Electric,2025-11-17 22:14:35,32.6,1.14,37.0,kWh,5.55
BUS_9879,Electric,2025-10-30 17:01:15,34.97,0.82,28.83,kWh,4.3245
BUS_8531,Electric,2025-10-23 15:24:41,25.3,0.91,22.96,kWh,3.444
BUS_3635,CNG,2025-11-20 09:01:47,36.22,0.41,15.01,L_eq,13.509
BUS_3452,Electric,2025-11-14 19:20:08,26.64,1.06,28.36,kWh,4.254
BUS_4718,Hybrid,2025-10-23 09:19:44,35.11,0.46,16.13,L_eq,12.904
BUS_8690,Hybrid,2025-10-31 03:34:19,11.97,0.21,2.57,L_eq,2.056
BUS_8978,Hybrid,2025-10-31 17:54:37,46.95,0.22,10.21,L_eq,8.168000000000001
BUS_8077,CNG,2025-10-25 11:01:22,8.62,0.33,2.87,L_eq,2.583
BUS_7078,Diesel,2025-11-09 19:39:33,26.33,0.58,15.17,L,18.204
BUS_8912,Diesel,2025-11-04 20:43:53,44.21,0.44,19.38,L,23.255999999999997
BUS_1312,Electric,2025-11-01 01:56:30,25.87,1.22,31.52,kWh,4.728
BUS_6516,Diesel,2025-11-02 09:34:14,12.28,0.36,4.47,L,5.364
BUS_7683,Hybrid,2025-11-05 05:13:21,43.05,0.43,18.49,L_eq,14.792
BUS_1166,Electric,2025-11-16 13:01:30,33.13,1.45,48.04,kWh,7.2059999999999995
BUS_1286,Electric,2025-10-25 11:35:31,39.56,1.28,50.63,kWh,7.5945
BUS_7233,Hybrid,2025-11-13 03:46:53,26.91,0.48,12.97,L_eq,10.376000000000001
BUS_1206,Electric,2025-10-24 20:59:52,45.07,1.35,60.66,kWh,9.098999999999998
BUS_1788,Diesel,2025-11-08 23:34:15,17.69,0.35,6.17,L,7.404
BUS_1496,Electric,2025-11-16 06:11:35,5.36,1.08,5.8,kWh,0.87
BUS_4284,CNG,2025-10-22 14:55:50,13.11,0.24,3.19,L_eq,2.871
BUS_5213,Electric,2025-10-30 10:15:05,23.82,1.5,35.66,kWh,5.348999999999999
BUS_7316,Hybrid,2025-11-06 22:46:37,9.92,0.47,4.65,L_eq,3.7200000000000006
BUS_4085,CNG,2025-11-11 00:44:52,24.51,0.36,8.83,L_eq,7.947
BUS_3924,Electric,2025-11-10 01:43:50,23.97,0.82,19.7,kWh,2.9549999999999996
BUS_3938,Diesel,2025-10-29 17:01:10,28.93,0.46,13.17,L,15.803999999999998
BUS_2223,Hybrid,2025-10-27 11:05:09,34.02,0.44,15.07,L_eq,12.056000000000001
BUS_6452,CNG,2025-10-28 08:30:58,22.07,0.22,4.76,L_eq,4.284
BUS_9987,Hybrid,2025-11-17 03:04:23,23.44,0.28,6.65,L_eq,5.32
BUS_1260,Hybrid,2025-11-11 09:32:48,35.67,0.46,16.37,L_eq,13.096000000000002
BUS_6847,Diesel,2025-11-14 07:15:46,49.17,0.31,15.08,L,18.096
BUS_3401,Hybrid,2025-10-25 10:10:28,44.4,0.27,12.16,L_eq,9.728000000000002
BUS_2907,Diesel,2025-11-09 23:16:10,18.29,0.41,7.56,L,9.072
BUS_7955,Diesel,2025-11-01 02:37:34,17.94,0.56,10.1,L,12.12
BUS_9907,Electric,2025-10-28 09:26:31,10.2,1.29,13.14,kWh,1.971
BUS_8174,CNG,2025-11-01 01:41:27,14.46,0.21,3.01,L_eq,2.709
BUS_9076,Diesel,2025-11-06 02:57:11,26.53,0.51,13.48,L,16.176
BUS_8988,CNG,2025-11-12 01:36:37,47.57,0.46,21.78,L_eq,19.602
BUS_9073,Hybrid,2025-11-14 03:13:07,48.89,0.46,22.38,L_eq,17.904
BUS_4624,Diesel,2025-10-29 19:03:12,38.58,0.52,20.1,L,24.12
BUS_6595,Diesel,2025-11-20 09:25:56,11.63,0.35,4.12,L,4.944
BUS_3761,CNG,2025-11-19 00:05:24,22.42,0.34,7.7,L_eq,6.930000000000001
BUS_8358,Diesel,2025-11-06 03:36:06,38.82,0.49,18.89,L,22.668
BUS_3325,Diesel,2025-11-19 14:32:15,35.05,0.46,16.08,L,19.295999999999996
BUS_5158,CNG,2025-10-31 22:32:25,15.49,0.25,3.94,L_eq,3.546
BUS_6751,Electric,2025-11-15 11:29:08,9.6,0.97,9.34,kWh,1.401
BUS_8599,CNG,2025-11-13 08:46:58,47.2,0.24,11.29,L_eq,10.161
BUS_9060,Hybrid,2025-11-04 10:58:19,42.37,0.28,11.93,L_eq,9.544
BUS_7810,Electric,2025-10-31 21:03:38,18.37,0.98,18.02,kWh,2.703
BUS_8963,Electric,2025-10-22 10:43:55,11.57,1.43,16.53,kWh,2.4795000000000003
BUS_1551,CNG,2025-10-29 00:18:29,7.59,0.35,2.68,L_eq,2.4120000000000004
BUS_6925,Diesel,2025-11-12 17:22:29,18.54,0.54,10.1,L,12.12
BUS_1857,Electric,2025-10-25 04:35:25,8.28,0.8,6.64,kWh,0.9959999999999999
BUS_1608,CNG,2025-11-10 11:12:16,11.1,0.45,4.95,L_eq,4.455
BUS_3892,CNG,2025-11-20 10:45:34,33.95,0.22,7.36,L_eq,6.6240000000000006
BUS_7021,Hybrid,2025-11-03 01:38:58,7.02,0.26,1.85,L_eq,1.4800000000000002
BUS_2804,Diesel,2025-11-16 14:43:38,42.82,0.49,20.85,L,25.02
BUS_7138,Hybrid,2025-11-07 01:14:46,44.93,0.46,20.75,L_eq,16.6
BUS_1265,CNG,2025-11-18 17:15:35,13.0,0.23,2.93,L_eq,2.637
BUS_2034,Electric,2025-11-14 22:04:05,29.69,1.39,41.18,kWh,6.177
BUS_4866,Electric,2025-11-13 10:14:13,10.93,1.1,12.05,kWh,1.8075
BUS_5046,Diesel,2025-11-13 13:08:21,28.22,0.57,16.01,L,19.212
BUS_4547,Electric,2025-11-19 01:18:11,8.94,0.87,7.74,kWh,1.161
BUS_8189,Hybrid,2025-10-23 23:35:49,9.24,0.41,3.75,L_eq,3.0
BUS_8163,CNG,2025-10-26 12:12:08,28.56,0.44,12.53,L_eq,11.277
BUS_7371,Electric,2025-11-05 01:30:05,33.16,1.43,47.4,kWh,7.109999999999999
BUS_7454,CNG,2025-11-13 05:41:44,25.78,0.23,5.9,L_eq,5.3100000000000005
BUS_6236,CNG,2025-11-07 22:05:24,36.95,0.4,14.79,L_eq,13.311
BUS_9088,Diesel,2025-11-05 12:36:46,23.28,0.38,8.82,L,10.584
BUS_5931,CNG,2025-11-10 01:42:47,16.46,0.22,3.57,L_eq,3.213
BUS_9021,Hybrid,2025-11-20 20:17:19,36.67,0.47,17.23,L_eq,13.784
BUS_9852,CNG,2025-10-30 14:05:48,34.38,0.22,7.73,L_eq,6.957000000000001
BUS_7107,Hybrid,2025-11-11 05:37:53,37.04,0.42,15.6,L_eq,12.48
BUS_9366,Hybrid,2025-11-03 04:19:23,29.27,0.28,8.2,L_eq,6.56
BUS_1572,Hybrid,2025-10-30 19:17:01,15.35,0.28,4.35,L_eq,3.48
BUS_4276,CNG,2025-11-21 01:46:30,25.11,0.26,6.64,L_eq,5.976
BUS_4335,Hybrid,2025-11-12 01:27:56,8.95,0.47,4.18,L_eq,3.344
BUS_3433,Electric,2025-11-13 07:28:06,18.67,1.2,22.38,kWh,3.3569999999999998
BUS_7308,Diesel,2025-11-09 18:13:37,12.73,0.39,5.01,L,6.012
BUS_8551,CNG,2025-10-30 23:47:17,48.39,0.38,18.49,L_eq,16.641
BUS_1912,Hybrid,2025-11-18 16:32:41,11.26,0.37,4.15,L_eq,3.3200000000000003
BUS_5256,Diesel,2025-10-26 17:21:55,42.36,0.33,13.93,L,16.715999999999998
BUS_8561,Diesel,2025-11-10 04:34:49,12.31,0.51,6.31,L,7.571999999999999
BUS_5141,Hybrid,2025-10-24 04:55:58,21.96,0.35,7.76,L_eq,6.208
BUS_5883,Electric,2025-11-02 17:19:30,46.13,1.33,61.26,kWh,9.189
BUS_6378,Electric,2025-10-29 18:03:51,23.96,0.83,19.91,kWh,2.9865
BUS_1437,Diesel,2025-11-04 09:01:56,18.18,0.3,5.49,L,6.588
BUS_6312,Diesel,2025-11-17 04:34:10,18.07,0.43,7.71,L,9.251999999999999
BUS_1389,Electric,2025-11-05 06:08:09,33.3,1.2,40.08,kWh,6.012
BUS_1520,CNG,2025-10-25 07:49:20,34.54,0.39,13.59,L_eq,12.231
BUS_9055,Hybrid,2025-11-01 15:10:48,7.7,0.47,3.59,L_eq,2.872
BUS_2518,CNG,2025-11-15 01:00:52,35.7,0.45,16.04,L_eq,14.436
BUS_7487,Diesel,2025-11-11 01:14:01,14.68,0.57,8.33,L,9.996
BUS_3914,Electric,2025-11-17 22:08:47,20.39,1.38,28.09,kWh,4.2135
BUS_9732,CNG,2025-10-27 23:18:14,29.14,0.49,14.28,L_eq,12.852
BUS_5142,CNG,2025-11-08 23:39:50,28.35,0.36,10.15,L_eq,9.135
BUS_6193,CNG,2025-10-25 19:13:41,42.35,0.46,19.56,L_eq,17.604
BUS_3099,Diesel,2025-10-27 04:39:19,25.74,0.32,8.33,L,9.996
BUS_5242,CNG,2025-11-15 13:43:21,38.14,0.34,12.92,L_eq,11.628
BUS_1993,Electric,2025-11-06 21:53:34,29.21,1.13,33.13,kWh,4.9695
BUS_7388,CNG,2025-11-10 23:51:23,44.93,0.34,15.13,L_eq,13.617
BUS_1229,Electric,2025-11-12 23:26:18,37.75,1.03,38.81,kWh,5.8215
BUS_2315,Hybrid,2025-10-30 02:06:41,44.41,0.24,10.66,L_eq,8.528
BUS_3751,CNG,2025-11-03 08:33:16,25.65,0.38,9.74,L_eq,8.766
BUS_7067,Diesel,2025-11-01 03:39:57,42.71,0.49,20.77,L,24.924
BUS_2398,Diesel,2025-11-15 15:40:04,29.76,0.38,11.32,L,13.584
BUS_8361,Electric,2025-10-24 06:03:49,17.1,1.11,18.99,kWh,2.8484999999999996
BUS_5160,Hybrid,2025-11-13 12:31:26,30.98,0.3,9.26,L_eq,7.408
BUS_6229,Hybrid,2025-10-23 09:11:18,14.44,0.4,5.72,L_eq,4.576
BUS_4104,Electric,2025-10-25 15:20:20,15.49,1.43,22.21,kWh,3.3315
BUS_8122,Diesel,2025-11-13 12:13:01,39.72,0.44,17.55,L,21.06
BUS_2946,Electric,2025-11-09 14:08:18,7.34,0.92,6.76,kWh,1.014
BUS_2441,Hybrid,2025-11-07 18:27:00,12.45,0.33,4.13,L_eq,3.3040000000000003
BUS_2521,CNG,2025-11-10 11:19:37,9.18,0.49,4.48,L_eq,4.032000000000001
BUS_4703,Electric,2025-10-31 12:33:23,47.91,1.11,52.99,kWh,7.9485
BUS_6271,Diesel,2025-11-10 08:13:08,27.14,0.49,13.27,L,15.924
BUS_6840,Hybrid,2025-10-23 22:04:14,35.29,0.27,9.42,L_eq,7.5360000000000005
BUS_3185,CNG,2025-10-22 14:34:11,30.67,0.23,6.98,L_eq,6.282000000000001
BUS_5368,Hybrid,2025-11-03 06:02:12,6.93,0.32,2.19,L_eq,1.752
BUS_7259,CNG,2025-10-27 15:40:30,34.41,0.23,7.89,L_eq,7.101
BUS_3589,Diesel,2025-10-28 17:04:17,30.79,0.56,17.14,L,20.568
BUS_5281,Diesel,2025-11-06 23:10:16,30.38,0.4,12.28,L,14.735999999999999
BUS_2681,Hybrid,2025-11-13 14:56:42,48.29,0.49,23.47,L_eq,18.776
BUS_2283,Hybrid,2025-11-14 14:50:43,42.05,0.46,19.37,L_eq,15.496000000000002
BUS_1647,Electric,2025-11-13 11:34:47,24.6,1.02,25.05,kWh,3.7575
BUS_1915,Electric,2025-10-25 09:33:43,49.85,0.84,41.99,kWh,6.2985
BUS_9850,Electric,2025-10-26 02:14:10,30.63,0.84,25.73,kWh,3.8594999999999997
BUS_2976,Diesel,2025-11-17 17:01:32,26.81,0.51,13.67,L,16.404
BUS_2734,Electric,2025-11-02 20:21:09,20.38,1.14,23.16,kWh,3.4739999999999998
BUS_5287,Diesel,2025-11-12 08:02:42,30.29,0.53,16.16,L,19.392
BUS_8203,Electric,2025-10-28 21:28:11,21.75,1.25,27.13,kWh,4.0695
BUS_9403,CNG,2025-11-13 22:34:02,37.24,0.28,10.43,L_eq,9.387
BUS_7938,Electric,2025-11-04 15:17:01,10.63,1.04,11.04,kWh,1.656
BUS_5573,Electric,2025-10-29 22:03:56,36.06,1.38,49.66,kWh,7.448999999999999
BUS_9151,CNG,2025-10-30 08:48:38,14.19,0.2,2.87,L_eq,2.583
BUS_1907,Electric,2025-10-22 23:06:30,48.73,1.4,68.34,kWh,10.251
BUS_5808,Electric,2025-11-20 13:15:10,25.14,0.98,24.51,kWh,3.6765
BUS_1508,Hybrid,2025-10-26 23:10:06,9.51,0.45,4.29,L_eq,3.4320000000000004
BUS_7758,Diesel,2025-10-30 16:33:20,13.99,0.31,4.36,L,5.232
BUS_2769,Electric,2025-11-05 08:45:48,49.65,0.98,48.74,kWh,7.311
BUS_8242,Hybrid,2025-10-28 02:42:24,41.92,0.43,18.23,L_eq,14.584000000000001
BUS_2497,CNG,2025-11-17 00:58:36,40.72,0.42,16.97,L_eq,15.273
BUS_2264,Diesel,2025-11-10 01:25:57,8.05,0.35,2.8,L,3.36
BUS_5433,Diesel,2025-10-30 06:19:20,6.6,0.31,2.06,L,2.472
BUS_3872,CNG,2025-10-25 20:27:12,30.69,0.31,9.39,L_eq,8.451
BUS_6970,Hybrid,2025-10-22 15:07:16,38.26,0.49,18.76,L_eq,15.008000000000003
BUS_9633,Diesel,2025-11-04 08:25:19,47.84,0.59,28.05,L,33.66
BUS_6252,CNG,2025-10-29 12:53:46,37.0,0.38,13.97,L_eq,12.573
BUS_4064,CNG,2025-11-12 11:27:49,17.46,0.48,8.45,L_eq,7.6049999999999995
BUS_2638,Electric,2025-11-08 11:15:41,33.68,1.27,42.89,kWh,6.4334999999999996
BUS_2854,Diesel,2025-10-30 17:22:31,20.51,0.46,9.38,L,11.256
BUS_8812,Hybrid,2025-11-01 14:30:06,14.79,0.22,3.31,L_eq,2.648
BUS_9898,Diesel,2025-10-23 18:11:28,33.34,0.48,16.07,L,19.284
BUS_1721,Hybrid,2025-11-16 22:13:59,34.78,0.22,7.79,L_eq,6.232
BUS_7991,Hybrid,2025-11-01 13:54:44,40.66,0.33,13.23,L_eq,10.584000000000001
BUS_5562,Electric,2025-11-12 13:05:42,41.85,0.89,37.34,kWh,5.601
BUS_8067,Hybrid,2025-10-24 09:41:59,20.9,0.25,5.28,L_eq,4.224
BUS_8081,Hybrid,2025-11-16 11:15:10,48.37,0.27,12.98,L_eq,10.384
BUS_7705,CNG,2025-10-27 01:49:22,9.02,0.37,3.31,L_eq,2.979
BUS_6786,Diesel,2025-11-10 01:09:48,18.77,0.37,6.93,L,8.315999999999999
BUS_2536,Diesel,2025-11-06 01:17:01,30.0,0.44,13.15,L,15.78
BUS_3344,Hybrid,2025-11-12 15:20:31,49.44,0.37,18.25,L_eq,14.600000000000001
BUS_6898,Hybrid,2025-10-24 15:07:41,37.32,0.31,11.53,L_eq,9.224
BUS_8374,Diesel,2025-11-20 03:01:11,23.99,0.45,10.75,L,12.9
BUS_1367,Diesel,2025-10-22 07:29:45,20.2,0.58,11.7,L,14.04
BUS_1758,Diesel,2025-10-24 10:45:30,37.87,0.32,12.29,L,14.747999999999998
BUS_6656,Diesel,2025-11-09 09:45:27,28.29,0.55,15.62,L,18.744
BUS_1634,Electric,2025-10-31 21:06:06,25.55,0.81,20.78,kWh,3.117
BUS_3636,Diesel,2025-11-03 04:58:52,34.43,0.38,13.16,L,15.792
BUS_7023,Electric,2025-11-09 06:33:09,37.98,0.96,36.6,kWh,5.49
BUS_4007,Diesel,2025-11-02 15:58:46,10.4,0.55,5.68,L,6.816
BUS_4401,Hybrid,2025-10-31 19:03:36,43.23,0.22,9.58,L_eq,7.664000000000001
BUS_6579,Electric,2025-10-26 12:31:58,18.77,1.11,20.87,kWh,3.1305
BUS_6086,Electric,2025-10-22 20:44:46,42.64,1.3,55.55,kWh,8.3325
BUS_5851,Hybrid,2025-11-11 13:21:21,17.73,0.34,6.07,L_eq,4.856000000000001
BUS_9958,CNG,2025-10-23 10:37:02,7.52,0.29,2.17,L_eq,1.953
BUS_8825,Diesel,2025-10-22 19:01:24,42.97,0.59,25.32,L,30.384
BUS_9188,CNG,2025-11-07 10:49:45,28.78,0.42,11.99,L_eq,10.791
BUS_7158,Electric,2025-10-31 09:55:59,15.23,0.93,14.22,kWh,2.133
BUS_4354,CNG,2025-10-25 03:39:36,44.82,0.28,12.72,L_eq,11.448
BUS_5448,CNG,2025-11-01 19:02:24,23.52,0.26,6.2,L_eq,5.58
BUS_7576,Diesel,2025-10-26 18:36:39,11.3,0.37,4.22,L,5.063999999999999
BUS_2469,Diesel,2025-10-30 05:39:27,26.99,0.59,15.8,L,18.96
BUS_9598,Electric,2025-10-30 04:41:02,47.08,1.38,64.8,kWh,9.719999999999999
BUS_9737,CNG,2025-10-24 05:20:17,40.27,0.48,19.44,L_eq,17.496000000000002
BUS_4559,CNG,2025-11-11 06:21:44,28.71,0.29,8.32,L_eq,7.488
BUS_4358,Hybrid,2025-11-15 23:09:57,11.36,0.38,4.32,L_eq,3.4560000000000004
BUS_5575,Hybrid,2025-10-27 07:31:14,14.97,0.35,5.27,L_eq,4.216
BUS_8259,CNG,2025-11-06 23:12:26,38.73,0.37,14.42,L_eq,12.978
BUS_1021,Hybrid,2025-11-06 18:00:32,38.08,0.39,14.72,L_eq,11.776000000000002
BUS_3640,Hybrid,2025-11-18 08:54:01,43.78,0.35,15.36,L_eq,12.288
BUS_1674,CNG,2025-10-31 06:53:55,24.2,0.31,7.59,L_eq,6.831
BUS_4890,Electric,2025-11-21 09:51:25,21.22,1.43,30.42,kWh,4.563
BUS_6501,Hybrid,2025-11-01 03:22:17,12.84,0.47,6.02,L_eq,4.816
BUS_4866,Hybrid,2025-11-17 09:11:21,31.45,0.26,8.31,L_eq,6.648000000000001
BUS_1317,Hybrid,2025-11-10 06:20:34,20.61,0.25,5.09,L_eq,4.072
BUS_1049,Electric,2025-11-11 20:34:36,11.63,1.49,17.35,kWh,2.6025
BUS_3227,Electric,2025-10-27 22:48:24,35.96,1.06,38.11,kWh,5.7165
BUS_3392,Diesel,2025-11-02 08:50:06,20.22,0.33,6.67,L,8.004
BUS_2381,Hybrid,2025-11-01 11:07:54,24.71,0.31,7.77,L_eq,6.216
BUS_6951,CNG,2025-10-27 05:25:31,19.25,0.23,4.38,L_eq,3.942
BUS_6649,CNG,2025-11-08 09:30:05,11.24,0.21,2.4,L_eq,2.16
BUS_2233,CNG,2025-11-06 18:48:38,41.09,0.49,19.97,L_eq,17.973
BUS_9711,CNG,2025-10-30 12:20:37,48.84,0.34,16.51,L_eq,14.859000000000002
BUS_2323,CNG,2025-10-22 19:31:47,14.31,0.37,5.36,L_eq,4.824000000000001
BUS_6278,Hybrid,2025-11-10 14:35:11,27.48,0.35,9.69,L_eq,7.752
BUS_6843,Electric,2025-11-06 10:30:23,14.99,1.3,19.45,kWh,2.9175
BUS_1054,Diesel,2025-10-22 16:01:09,29.25,0.45,13.07,L,15.684
BUS_4149,CNG,2025-11-09 23:29:43,16.42,0.35,5.74,L_eq,5.166
BUS_2818,Diesel,2025-11-01 09:57:09,35.78,0.32,11.34,L,13.607999999999999
BUS_3977,CNG,2025-11-13 08:34:21,27.54,0.46,12.7,L_eq,11.43
BUS_4501,Electric,2025-11-01 18:29:26,18.56,1.37,25.52,kWh,3.828
BUS_1733,Diesel,2025-10-25 06:58:28,12.35,0.57,6.99,L,8.388
BUS_8375,Diesel,2025-11-04 14:29:11,20.93,0.49,10.18,L,12.216
BUS_6586,Electric,2025-11-21 08:58:01,23.08,1.35,31.08,kWh,4.662
BUS_5929,CNG,2025-11-08 23:57:10,47.25,0.22,10.23,L_eq,9.207
BUS_8102,Hybrid,2025-10-24 05:15:09,44.93,0.47,21.04,L_eq,16.832
BUS_8041,Electric,2025-10-25 08:30:23,47.02,1.32,61.88,kWh,9.282
BUS_3297,Hybrid,2025-11-01 16:42:06,21.77,0.48,10.49,L_eq,8.392000000000001
BUS_8098,Hybrid,2025-11-11 01:01:21,22.97,0.31,7.03,L_eq,5.6240000000000006
BUS_6262,Diesel,2025-11-05 17:22:22,40.59,0.56,22.72,L,27.264
BUS_7691,Diesel,2025-11-20 03:47:35,34.69,0.54,18.67,L,22.404
BUS_4784,Diesel,2025-11-15 08:06:29,23.71,0.35,8.4,L,10.08
BUS_4266,Diesel,2025-10-27 00:40:53,35.06,0.37,13.03,L,15.636
BUS_8625,Electric,2025-11-17 02:45:24,11.98,1.32,15.82,kWh,2.3729999999999998
BUS_9230,Diesel,2025-11-18 17:13:55,12.73,0.49,6.28,L,7.536
BUS_9164,Diesel,2025-10-30 09:49:27,34.49,0.4,13.96,L,16.752
BUS_6672,CNG,2025-11-03 07:35:29,43.55,0.34,14.84,L_eq,13.356
BUS_8414,Diesel,2025-10-26 16:26:43,17.42,0.45,7.84,L,9.408
BUS_6033,Hybrid,2025-11-20 04:57:21,17.52,0.38,6.64,L_eq,5.312
BUS_8062,CNG,2025-11-06 19:57:36,17.44,0.32,5.52,L_eq,4.968
BUS_6369,Hybrid,2025-11-09 22:46:17,31.23,0.41,12.87,L_eq,10.296
BUS_3617,Electric,2025-10-28 12:56:10,24.06,1.48,35.61,kWh,5.3415
BUS_4785,CNG,2025-11-07 04:55:20,34.77,0.28,9.84,L_eq,8.856
BUS_6222,Diesel,2025-10-30 14:20:07,37.67,0.59,22.24,L,26.688
BUS_4710,Electric,2025-11-06 12:31:06,13.41,1.04,13.97,kWh,2.0955
BUS_7229,Electric,2025-11-14 11:46:57,18.92,1.26,23.79,kWh,3.5685
BUS_7185,Hybrid,2025-10-25 08:43:08,31.72,0.21,6.71,L_eq,5.368
BUS_1363,CNG,2025-11-07 08:29:09,45.11,0.49,21.98,L_eq,19.782
BUS_5189,CNG,2025-10-22 22:37:20,44.77,0.25,11.37,L_eq,10.232999999999999
BUS_1039,Hybrid,2025-11-20 15:03:09,32.52,0.2,6.66,L_eq,5.328
BUS_6761,Hybrid,2025-11-19 11:40:38,33.03,0.43,14.17,L_eq,11.336
BUS_8144,CNG,2025-11-12 21:04:47,19.52,0.38,7.42,L_eq,6.678
BUS_7659,Electric,2025-11-09 15:33:17,26.06,0.9,23.35,kWh,3.5025
BUS_2762,Hybrid,2025-11-15 21:26:54,26.18,0.24,6.16,L_eq,4.928000000000001
BUS_4687,CNG,2025-11-02 08:51:19,14.9,0.46,6.87,L_eq,6.183
BUS_3616,CNG,2025-11-15 12:35:12,31.35,0.42,13.32,L_eq,11.988000000000001
BUS_9029,Electric,2025-11-19 14:30:37,23.36,1.32,30.9,kWh,4.635
BUS_4292,Electric,2025-10-22 17:32:45,32.51,1.02,33.31,kWh,4.9965
BUS_4932,Electric,2025-11-02 09:03:55,32.18,1.4,44.9,kWh,6.734999999999999
BUS_5297,CNG,2025-10-23 02:46:31,43.61,0.49,21.23,L_eq,19.107
BUS_6607,Hybrid,2025-11-21 00:09:29,23.49,0.26,6.14,L_eq,4.912
BUS_7007,Electric,2025-10-28 02:35:45,33.84,1.24,42.06,kWh,6.309
BUS_4242,Hybrid,2025-11-06 01:53:41,27.2,0.46,12.56,L_eq,10.048000000000002
BUS_6032,CNG,2025-11-02 13:28:54,24.97,0.28,7.11,L_eq,6.399
BUS_1169,CNG,2025-11-11 21:17:46,7.31,0.36,2.6,L_eq,2.3400000000000003
BUS_3200,Diesel,2025-11-02 21:48:40,7.46,0.4,3.0,L,3.5999999999999996
BUS_2592,Hybrid,2025-11-21 04:08:23,32.92,0.41,13.48,L_eq,10.784
BUS_8358,CNG,2025-10-25 22:33:20,23.73,0.48,11.47,L_eq,10.323
BUS_5302,Hybrid,2025-10-24 23:52:31,25.19,0.48,12.16,L_eq,9.728000000000002
BUS_4054,CNG,2025-10-28 18:19:25,34.09,0.31,10.49,L_eq,9.441
BUS_1910,CNG,2025-11-09 06:24:41,29.76,0.2,6.06,L_eq,5.454
BUS_8629,Electric,2025-11-15 07:07:06,14.59,1.44,21.05,kWh,3.1575
BUS_9092,Electric,2025-11-05 11:38:28,6.86,1.5,10.27,kWh,1.5405
BUS_6705,Electric,2025-10-31 21:25:14,17.48,0.89,15.51,kWh,2.3265
BUS_6153,Electric,2025-10-29 10:46:08,36.22,1.45,52.47,kWh,7.8705
BUS_6361,CNG,2025-11-09 07:50:17,34.19,0.24,8.13,L_eq,7.317000000000001
BUS_4084,CNG,2025-11-01 00:11:10,10.96,0.22,2.41,L_eq,2.169
BUS_6761,Electric,2025-10-23 22:13:28,49.43,0.87,42.84,kWh,6.426
BUS_4784,Hybrid,2025-11-02 15:25:28,14.83,0.38,5.65,L_eq,4.5200000000000005
BUS_4838,Hybrid,2025-11-20 02:52:05,15.76,0.33,5.25,L_eq,4.2
BUS_1273,CNG,2025-11-12 15:02:18,34.27,0.34,11.51,L_eq,10.359
BUS_7471,Hybrid,2025-11-07 01:00:41,39.51,0.46,18.35,L_eq,14.680000000000001
BUS_1610,Diesel,2025-10-28 14:29:32,47.14,0.48,22.79,L,27.348
BUS_2884,Diesel,2025-11-04 14:06:02,9.08,0.35,3.16,L,3.792
BUS_5821,Hybrid,2025-11-06 12:01:09,21.97,0.25,5.53,L_eq,4.424
BUS_2677,Electric,2025-10-24 00:12:21,45.56,1.46,66.47,kWh,9.9705
BUS_5271,CNG,2025-11-16 08:55:15,35.23,0.25,8.63,L_eq,7.767000000000001
BUS_5516,Hybrid,2025-11-11 05:26:45,18.26,0.41,7.42,L_eq,5.936
BUS_1216,Diesel,2025-11-05 02:08:04,32.76,0.55,18.02,L,21.624
BUS_2341,CNG,2025-10-23 05:39:53,7.15,0.43,3.08,L_eq,2.7720000000000002
BUS_8739,Hybrid,2025-11-02 04:52:33,22.01,0.45,9.89,L_eq,7.912000000000001
BUS_8778,Diesel,2025-11-07 04:01:04,31.16,0.52,16.07,L,19.284
BUS_3896,CNG,2025-11-07 17:22:03,28.76,0.33,9.41,L_eq,8.469000000000001
BUS_3448,Electric,2025-11-02 20:18:01,35.68,1.24,44.36,kWh,6.654
BUS_1909,Electric,2025-11-01 01:51:16,9.37,1.37,12.85,kWh,1.9274999999999998
BUS_1077,CNG,2025-11-17 06:24:13,23.47,0.26,5.99,L_eq,5.391
BUS_6668,CNG,2025-10-24 17:03:38,24.36,0.32,7.81,L_eq,7.029
BUS_1864,Diesel,2025-11-03 03:23:41,19.67,0.5,9.86,L,11.831999999999999
BUS_8272,Electric,2025-11-01 21:13:33,44.21,1.22,54.11,kWh,8.1165
BUS_9754,CNG,2025-11-20 14:30:17,12.52,0.41,5.08,L_eq,4.572
BUS_7821,Electric,2025-11-09 14:31:23,14.83,1.49,22.11,kWh,3.3165
BUS_5441,Hybrid,2025-11-16 09:37:07,10.28,0.35,3.62,L_eq,2.8960000000000004
BUS_4552,CNG,2025-11-06 16:47:39,30.64,0.26,8.07,L_eq,7.263000000000001
BUS_9269,CNG,2025-10-30 23:54:21,23.26,0.31,7.24,L_eq,6.516
BUS_3558,Electric,2025-11-12 13:26:52,49.46,0.88,43.47,kWh,6.520499999999999
BUS_3705,Diesel,2025-10-22 09:06:00,37.43,0.44,16.3,L,19.56
BUS_4417,CNG,2025-10-25 05:20:38,22.43,0.33,7.42,L_eq,6.678
BUS_5348,CNG,2025-11-14 22:51:53,8.68,0.43,3.77,L_eq,3.3930000000000002
BUS_8595,CNG,2025-10-25 11:35:54,41.09,0.38,15.46,L_eq,13.914000000000001
BUS_3764,Hybrid,2025-10-31 10:17:54,33.63,0.36,12.06,L_eq,9.648000000000001
BUS_6477,CNG,2025-10-24 14:46:08,14.02,0.2,2.85,L_eq,2.565
BUS_7228,Diesel,2025-10-28 22:57:24,19.68,0.44,8.6,L,10.319999999999999
BUS_5923,Electric,2025-10-31 23:59:36,23.53,1.45,34.04,kWh,5.106
BUS_6151,Diesel,2025-10-28 04:20:57,37.7,0.6,22.61,L,27.131999999999998
BUS_4886,CNG,2025-10-26 12:58:02,17.96,0.49,8.82,L_eq,7.938000000000001
BUS_6428,Hybrid,2025-10-30 12:24:25,30.1,0.2,6.03,L_eq,4.824000000000001
BUS_5334,Electric,2025-11-19 20:31:29,9.4,1.04,9.75,kWh,1.4625
BUS_1354,Hybrid,2025-11-17 17:30:47,32.69,0.49,16.16,L_eq,12.928
BUS_6532,Electric,2025-11-01 00:10:19,13.78,1.01,13.9,kWh,2.085
BUS_6830,Hybrid,2025-11-02 13:22:52,48.1,0.42,20.22,L_eq,16.176
BUS_4305,Electric,2025-11-15 17:15:08,25.71,1.49,38.21,kWh,5.7315
BUS_8637,Electric,2025-10-25 21:07:41,10.67,1.38,14.68,kWh,2.202
BUS_3216,Electric,2025-11-11 18:39:55,25.15,0.91,22.81,kWh,3.4214999999999995
BUS_5475,Diesel,2025-11-13 18:14:27,20.4,0.59,12.07,L,14.484
BUS_7203,Hybrid,2025-11-06 04:56:26,5.2,0.46,2.42,L_eq,1.936
BUS_6402,CNG,2025-10-30 01:19:07,15.54,0.26,4.09,L_eq,3.681
BUS_2834,Electric,2025-10-31 16:12:23,8.61,1.19,10.23,kWh,1.5345
BUS_2750,Diesel,2025-11-02 23:25:05,43.71,0.58,25.52,L,30.624
BUS_2604,Hybrid,2025-11-11 16:04:31,15.37,0.37,5.63,L_eq,4.5040000000000004
BUS_5951,CNG,2025-10-30 15:37:20,6.22,0.47,2.92,L_eq,2.628
BUS_9426,Diesel,2025-11-20 11:55:40,41.87,0.52,21.98,L,26.376
BUS_8108,Diesel,2025-11-03 04:07:49,16.96,0.32,5.43,L,6.515999999999999
BUS_5243,Hybrid,2025-11-05 19:11:52,46.49,0.48,22.38,L_eq,17.904
BUS_4154,Hybrid,2025-11-04 22:31:12,6.05,0.24,1.46,L_eq,1.168
BUS_1408,CNG,2025-11-19 01:38:24,32.69,0.49,15.98,L_eq,14.382000000000001
BUS_7199,CNG,2025-11-12 20:20:01,28.07,0.2,5.73,L_eq,5.157000000000001
BUS_8450,CNG,2025-10-31 20:42:33,47.73,0.38,18.31,L_eq,16.479
BUS_1848,Diesel,2025-11-04 06:48:02,42.15,0.56,23.4,L,28.08
BUS_3557,CNG,2025-11-14 10:39:52,14.78,0.32,4.7,L_eq,4.23
BUS_7087,Electric,2025-10-25 23:17:07,41.07,1.36,55.71,kWh,8.3565
BUS_4963,Diesel,2025-11-08 13:00:11,22.61,0.39,8.89,L,10.668000000000001
BUS_4568,Diesel,2025-11-10 10:02:54,32.57,0.39,12.83,L,15.395999999999999
BUS_3266,Electric,2025-11-09 10:07:57,20.83,0.95,19.88,kWh,2.9819999999999998
BUS_1791,Hybrid,2025-10-30 05:31:17,42.6,0.22,9.57,L_eq,7.656000000000001
BUS_2063,Electric,2025-11-13 22:28:51,25.42,1.44,36.71,kWh,5.5065
BUS_1277,Hybrid,2025-11-12 12:18:01,37.27,0.39,14.46,L_eq,11.568000000000001
BUS_5835,Diesel,2025-11-11 14:32:16,15.19,0.35,5.28,L,6.336
BUS_6676,Diesel,2025-11-15 14:46:06,24.57,0.39,9.66,L,11.592
BUS_9957,Electric,2025-11-20 16:03:20,9.31,1.49,13.84,kWh,2.076
BUS_2422,Diesel,2025-11-12 03:02:35,39.43,0.56,22.12,L,26.544
BUS_8421,CNG,2025-10-29 15:40:17,29.13,0.31,9.11,L_eq,8.199
BUS_8636,Diesel,2025-11-14 11:37:53,22.77,0.37,8.38,L,10.056000000000001
BUS_7246,Electric,2025-10-23 01:08:29,13.56,0.89,12.12,kWh,1.8179999999999998
BUS_5968,CNG,2025-11-09 14:26:44,18.08,0.24,4.38,L_eq,3.942
BUS_6269,Electric,2025-11-11 20:00:50,6.39,0.83,5.31,kWh,0.7964999999999999
BUS_2010,Electric,2025-10-26 03:01:59,9.35,1.42,13.25,kWh,1.9874999999999998
BUS_7738,Electric,2025-11-05 15:51:18,40.93,1.11,45.51,kWh,6.826499999999999
BUS_9099,CNG,2025-11-19 23:29:55,36.45,0.22,8.11,L_eq,7.2989999999999995
BUS_1029,Diesel,2025-11-17 03:56:26,44.47,0.34,15.27,L,18.323999999999998
BUS_3660,Diesel,2025-10-29 12:05:00,31.58,0.59,18.52,L,22.224
BUS_2638,Hybrid,2025-11-17 22:10:45,17.42,0.36,6.19,L_eq,4.952000000000001
BUS_4755,Diesel,2025-10-30 14:45:52,41.02,0.53,21.56,L,25.871999999999996
BUS_8085,Diesel,2025-11-03 13:49:35,41.53,0.48,19.86,L,23.831999999999997
BUS_9342,Electric,2025-11-09 13:18:59,37.27,0.86,32.04,kWh,4.806
BUS_6145,Diesel,2025-11-13 14:15:10,44.87,0.32,14.28,L,17.136
BUS_9495,CNG,2025-11-05 22:23:52,21.43,0.27,5.86,L_eq,5.274
BUS_7797,Electric,2025-11-13 02:32:45,37.8,1.12,42.38,kWh,6.357
BUS_8776,Diesel,2025-11-04 20:02:30,49.19,0.42,20.86,L,25.032
BUS_7123,Electric,2025-11-09 07:08:16,29.16,1.01,29.35,kWh,4.4025
BUS_8890,Electric,2025-11-18 09:00:10,29.73,1.45,43.08,kWh,6.462
BUS_6741,Diesel,2025-11-20 12:07:50,23.22,0.3,7.03,L,8.436
BUS_7477,Diesel,2025-11-14 10:17:03,24.98,0.5,12.43,L,14.915999999999999
BUS_9253,Hybrid,2025-10-25 13:52:32,6.49,0.25,1.6,L_eq,1.2800000000000002
BUS_2329,Diesel,2025-11-07 06:18:21,49.62,0.6,29.66,L,35.592
BUS_8770,Electric,2025-10-28 17:16:34,33.27,0.85,28.22,kWh,4.233
BUS_8772,Electric,2025-11-13 20:47:08,21.99,1.41,30.91,kWh,4.6365
BUS_4794,CNG,2025-10-31 14:05:07,34.46,0.39,13.49,L_eq,12.141
BUS_9068,Electric,2025-10-29 14:19:37,46.31,0.99,45.98,kWh,6.896999999999999
BUS_5502,CNG,2025-10-31 06:59:24,7.17,0.5,3.58,L_eq,3.222
BUS_3800,Hybrid,2025-10-22 06:55:50,25.17,0.5,12.53,L_eq,10.024000000000001
BUS_6578,Diesel,2025-10-22 17:00:46,43.72,0.59,25.93,L,31.116
BUS_4922,CNG,2025-11-15 09:25:03,45.56,0.37,16.87,L_eq,15.183000000000002
BUS_1915,Hybrid,2025-11-09 06:06:07,42.02,0.26,10.84,L_eq,8.672
BUS_6546,Electric,2025-11-14 22:38:42,24.1,1.5,36.11,kWh,5.4165
BUS_9129,Electric,2025-11-10 17:24:03,7.46,1.16,8.67,kWh,1.3005
BUS_2458,Hybrid,2025-11-11 06:31:32,40.92,0.35,14.2,L_eq,11.36
BUS_3686,Electric,2025-11-10 05:51:36,25.43,1.34,33.96,kWh,5.094
BUS_7140,Hybrid,2025-11-09 04:48:19,28.01,0.35,9.79,L_eq,7.832
BUS_7512,Hybrid,2025-11-09 17:29:45,15.75,0.25,4.01,L_eq,3.208
BUS_1107,Hybrid,2025-11-14 20:25:42,48.12,0.43,20.56,L_eq,16.448
BUS_3402,CNG,2025-11-06 00:41:08,30.18,0.5,15.04,L_eq,13.536
BUS_9803,Diesel,2025-11-19 15:29:22,49.55,0.42,21.03,L,25.236
BUS_7120,Electric,2025-10-25 13:03:14,5.87,1.07,6.29,kWh,0.9435
BUS_4622,Hybrid,2025-11-10 22:19:55,40.57,0.39,15.67,L_eq,12.536000000000001
BUS_9938,Diesel,2025-10-23 23:17:47,8.66,0.47,4.07,L,4.884
BUS_3882,Diesel,2025-10-28 03:05:12,16.91,0.54,9.17,L,11.004
BUS_4118,Diesel,2025-11-09 18:24:53,14.38,0.5,7.19,L,8.628
BUS_2479,Diesel,2025-11-18 13:02:30,20.51,0.45,9.26,L,11.112
BUS_7511,Diesel,2025-10-29 23:13:33,8.13,0.37,2.99,L,3.588
BUS_2914,Electric,2025-10-31 12:21:08,42.1,0.89,37.47,kWh,5.6205
BUS_1839,Hybrid,2025-11-12 06:23:02,8.56,0.47,4.05,L_eq,3.24
BUS_2171,Hybrid,2025-11-03 11:27:27,6.21,0.38,2.33,L_eq,1.864
BUS_4795,Electric,2025-11-08 00:11:00,29.38,0.9,26.58,kWh,3.9869999999999997
BUS_5081,Electric,2025-11-15 19:47:48,15.2,0.97,14.8,kWh,2.22
BUS_4762,CNG,2025-11-14 19:20:44,44.47,0.42,18.78,L_eq,16.902
BUS_5857,Hybrid,2025-11-08 23:01:17,14.35,0.35,5.04,L_eq,4.032
BUS_5845,Hybrid,2025-10-24 21:17:26,46.46,0.34,15.95,L_eq,12.76
BUS_6168,Hybrid,2025-11-09 19:00:20,44.73,0.49,21.8,L_eq,17.44
BUS_6034,Electric,2025-11-11 16:06:10,31.16,1.28,39.83,kWh,5.9745
BUS_8214,Electric,2025-11-03 01:35:35,13.69,1.11,15.2,kWh,2.28
BUS_1574,Hybrid,2025-11-02 20:25:17,49.52,0.32,15.94,L_eq,12.752
BUS_1769,Electric,2025-11-14 06:39:02,28.17,1.42,40.07,kWh,6.0104999999999995
BUS_6598,Electric,2025-10-23 18:15:51,38.37,0.94,36.18,kWh,5.427
BUS_3546,Diesel,2025-11-08 15:08:17,22.92,0.53,12.24,L,14.687999999999999
BUS_9706,Hybrid,2025-10-23 10:58:50,42.8,0.44,18.91,L_eq,15.128
BUS_1737,Hybrid,2025-10-29 06:21:27,26.83,0.32,8.58,L_eq,6.864000000000001
BUS_1653,CNG,2025-11-03 18:31:56,41.09,0.21,8.77,L_eq,7.893
BUS_8463,Electric,2025-11-20 11:26:37,19.56,1.14,22.28,kWh,3.342
BUS_8252,Diesel,2025-11-13 04:43:18,11.26,0.31,3.51,L,4.212
BUS_3279,Hybrid,2025-10-29 05:45:19,8.15,0.23,1.91,L_eq,1.528
BUS_6985,Hybrid,2025-11-03 10:19:37,20.0,0.36,7.16,L_eq,5.728000000000001
BUS_9471,Electric,2025-11-03 02:19:08,15.95,1.0,15.88,kWh,2.382
BUS_4821,Diesel,2025-11-20 07:36:53,26.72,0.53,14.13,L,16.956
BUS_6844,Diesel,2025-11-19 03:52:37,37.25,0.6,22.32,L,26.784
BUS_6560,CNG,2025-10-29 22:08:11,15.21,0.21,3.13,L_eq,2.817
BUS_7421,Hybrid,2025-10-22 16:26:02,6.45,0.24,1.55,L_eq,1.2400000000000002
BUS_2408,CNG,2025-10-27 18:03:39,32.57,0.38,12.27,L_eq,11.043
BUS_9404,Diesel,2025-10-26 13:36:14,36.88,0.57,20.96,L,25.152
BUS_2658,Diesel,2025-11-09 17:51:27,43.46,0.47,20.49,L,24.587999999999997
BUS_5198,CNG,2025-11-10 09:22:31,41.18,0.31,12.89,L_eq,11.601
BUS_6343,Diesel,2025-11-19 12:59:11,34.97,0.55,19.14,L,22.968
BUS_2154,Diesel,2025-10-25 23:40:21,27.42,0.56,15.35,L,18.419999999999998
BUS_3276,Hybrid,2025-11-16 06:11:57,30.33,0.28,8.46,L_eq,6.768000000000001
BUS_3759,Electric,2025-10-31 06:03:18,45.91,0.96,43.93,kWh,6.5895
BUS_7429,CNG,2025-11-11 14:49:35,19.75,0.29,5.78,L_eq,5.202
BUS_6871,Electric,2025-10-30 03:15:30,8.87,1.36,12.08,kWh,1.8119999999999998
BUS_7849,Electric,2025-11-11 19:24:04,5.15,1.23,6.32,kWh,0.948
BUS_9917,CNG,2025-11-03 08:40:34,25.14,0.4,9.95,L_eq,8.955
BUS_9930,Electric,2025-11-05 18:10:16,39.29,1.24,48.78,kWh,7.317
BUS_2283,Electric,2025-11-15 09:21:20,19.88,1.23,24.45,kWh,3.6674999999999995
BUS_9268,CNG,2025-11-16 23:17:04,47.65,0.29,13.9,L_eq,12.51
BUS_2237,Hybrid,2025-11-09 16:02:27,21.58,0.22,4.79,L_eq,3.8320000000000003
BUS_1933,Electric,2025-11-19 12:53:32,16.88,1.05,17.67,kWh,2.6505
BUS_8267,Hybrid,2025-11-06 00:52:52,49.52,0.45,22.46,L_eq,17.968
BUS_1020,Hybrid,2025-11-11 01:37:09,15.33,0.36,5.5,L_eq,4.4
BUS_4540,Electric,2025-10-26 09:36:18,39.17,1.44,56.43,kWh,8.4645
BUS_1197,Electric,2025-10-27 09:22:24,26.08,0.97,25.23,kWh,3.7845
BUS_6712,Diesel,2025-11-18 21:12:03,44.25,0.5,22.04,L,26.447999999999997
BUS_3272,CNG,2025-11-07 19:18:24,8.33,0.21,1.76,L_eq,1.584
BUS_3292,Diesel,2025-10-29 00:19:59,32.93,0.34,11.09,L,13.308
BUS_8672,Diesel,2025-11-04 03:29:33,6.6,0.53,3.49,L,4.188
BUS_8033,Electric,2025-11-01 06:10:29,33.16,1.35,44.68,kWh,6.702
BUS_9220,CNG,2025-11-10 09:43:44,11.57,0.34,3.97,L_eq,3.5730000000000004
BUS_2201,CNG,2025-11-06 01:01:22,49.98,0.42,21.02,L_eq,18.918
BUS_7752,Hybrid,2025-10-22 09:32:24,38.03,0.46,17.61,L_eq,14.088000000000001
BUS_1150,CNG,2025-10-30 06:15:31,23.11,0.36,8.21,L_eq,7.389000000000001
BUS_8560,Diesel,2025-11-14 22:57:32,42.88,0.46,19.59,L,23.508
BUS_9616,CNG,2025-10-22 03:53:57,35.86,0.3,10.68,L_eq,9.612
BUS_7444,Electric,2025-10-26 18:55:21,34.34,1.24,42.74,kWh,6.4110000000000005
BUS_6250,Diesel,2025-10-25 11:25:52,8.15,0.55,4.5,L,5.3999999999999995
BUS_4784,Hybrid,2025-11-11 08:52:42,31.07,0.24,7.41,L_eq,5.928000000000001
BUS_8164,Electric,2025-11-16 13:41:06,22.49,1.42,31.85,kWh,4.7775
BUS_1444,Electric,2025-11-11 07:42:59,48.61,1.12,54.27,kWh,8.1405
BUS_4385,Hybrid,2025-11-05 02:00:02,29.84,0.39,11.64,L_eq,9.312000000000001
BUS_8608,CNG,2025-11-12 00:09:09,13.71,0.35,4.75,L_eq,4.275
BUS_8512,Diesel,2025-10-30 08:51:47,21.54,0.36,7.81,L,9.372
BUS_5839,Diesel,2025-10-30 15:34:56,40.08,0.32,12.72,L,15.264
BUS_5950,Hybrid,2025-11-09 06:33:37,27.31,0.26,6.98,L_eq,5.5840000000000005
BUS_7307,Hybrid,2025-10-31 03:13:54,7.3,0.23,1.71,L_eq,1.368
BUS_4723,Diesel,2025-10-28 14:34:05,15.48,0.48,7.36,L,8.832
BUS_2724,Hybrid,2025-10-31 16:46:14,11.24,0.48,5.42,L_eq,4.336
BUS_2838,Electric,2025-11-14 16:50:24,25.46,1.12,28.54,kWh,4.281
BUS_8179,Diesel,2025-10-30 22:05:13,29.05,0.56,16.28,L,19.536
BUS_2190,Diesel,2025-11-15 11:38:50,12.99,0.41,5.32,L,6.384
BUS_3985,Electric,2025-10-27 10:29:48,22.58,0.92,20.71,kWh,3.1065
BUS_3257,Diesel,2025-11-12 23:07:04,29.1,0.38,11.14,L,13.368
BUS_6490,CNG,2025-11-18 14:46:12,29.51,0.41,12.04,L_eq,10.836
BUS_2954,Electric,2025-11-01 09:43:33,22.38,1.03,23.03,kWh,3.4545
BUS_1472,Hybrid,2025-10-31 02:20:38,47.81,0.2,9.65,L_eq,7.720000000000001
BUS_8392,Hybrid,2025-10-31 20:10:23,42.06,0.4,16.63,L_eq,13.304
BUS_4176,CNG,2025-10-24 22:46:44,17.72,0.41,7.28,L_eq,6.5520000000000005
BUS_7249,Hybrid,2025-10-30 22:57:18,38.75,0.27,10.56,L_eq,8.448
BUS_3452,Electric,2025-10-31 09:37:19,31.44,1.19,37.29,kWh,5.5935
BUS_7087,Electric,2025-11-03 16:13:36,24.12,0.99,23.8,kWh,3.57
BUS_4089,CNG,2025-11-10 22:20:15,35.83,0.21,7.55,L_eq,6.795
BUS_7428,Electric,2025-11-12 11:32:53,24.41,1.17,28.56,kWh,4.284
BUS_8616,Diesel,2025-11-21 09:33:49,32.49,0.51,16.51,L,19.812
BUS_1781,CNG,2025-10-27 09:16:54,7.94,0.42,3.34,L_eq,3.006
BUS_8707,Electric,2025-10-30 03:36:39,49.46,1.32,65.23,kWh,9.7845
BUS_3695,CNG,2025-10-25 23:02:42,47.03,0.45,21.05,L_eq,18.945
BUS_9912,Hybrid,2025-11-05 07:34:33,31.14,0.47,14.55,L_eq,11.64
BUS_2145,Hybrid,2025-10-26 05:54:57,28.5,0.43,12.12,L_eq,9.696
BUS_8084,Hybrid,2025-11-09 10:08:44,10.35,0.49,5.07,L_eq,4.056
BUS_4863,Electric,2025-10-28 03:19:28,33.73,1.0,33.6,kWh,5.04
BUS_5559,CNG,2025-11-04 12:30:40,41.16,0.28,11.66,L_eq,10.494
BUS_9145,CNG,2025-10-25 04:55:52,49.56,0.25,12.28,L_eq,11.052
BUS_3075,Hybrid,2025-11-07 16:41:45,16.94,0.34,5.68,L_eq,4.544
BUS_3517,Hybrid,2025-10-23 12:37:26,27.72,0.44,12.22,L_eq,9.776000000000002
BUS_5105,Diesel,2025-11-19 12:23:15,22.82,0.44,10.07,L,12.084
BUS_9304,CNG,2025-11-02 11:35:55,39.82,0.42,16.76,L_eq,15.084000000000001
BUS_7341,Electric,2025-11-14 06:51:01,17.25,0.93,16.1,kWh,2.415
