sensor_id,zone_id,timestamp,vehicle_count,avg_speed
SENS_604,Zone_North,2025-10-27 18:57:59,31,55
SENS_434,Zone_East,2025-11-16 19:47:11,0,76
SENS_730,Zone_Center,2025-10-26 17:32:23,14,57
SENS_374,Zone_Center,2025-11-21 03:09:18,13,70
SENS_379,Zone_North,2025-11-08 15:42:20,21,58
SENS_818,Zone_East,2025-11-17 06:52:57,41,21
SENS_813,Zone_East,2025-11-15 17:23:16,88,18
SENS_410,Zone_West,2025-11-01 17:32:06,91,12
SENS_693,Zone_South,2025-11-13 14:54:39,94,15
SENS_287,Zone_South,2025-11-21 11:56:37,57,29
SENS_330,Zone_Center,2025-11-01 04:31:27,47,35
SENS_438,Zone_North,2025-11-04 12:07:13,55,28
SENS_707,Zone_North,2025-10-24 15:53:23,6,70
SENS_568,Zone_Center,2025-10-31 11:45:32,31,79
SENS_733,Zone_West,2025-10-27 13:20:26,52,43
SENS_640,Zone_East,2025-10-29 07:54:39,41,30
SENS_767,Zone_South,2025-11-14 02:47:27,79,22
SENS_246,Zone_Center,2025-11-15 05:42:24,6,53
SENS_192,Zone_East,2025-10-30 15:29:31,7,66
SENS_206,Zone_East,2025-10-29 20:11:36,43,29
SENS_391,Zone_West,2025-10-24 04:17:35,16,48
SENS_809,Zone_Center,2025-10-24 17:00:24,0,77
SENS_747,Zone_Center,2025-11-08 18:22:32,52,37
SENS_413,Zone_East,2025-11-04 22:11:03,86,9
SENS_957,Zone_East,2025-11-01 06:14:59,56,38
SENS_535,Zone_North,2025-11-12 04:29:21,73,42
SENS_535,Zone_North,2025-11-03 06:56:27,45,36
SENS_147,Zone_North,2025-11-07 07:32:29,25,74
SENS_921,Zone_West,2025-11-21 00:42:23,66,33
SENS_852,Zone_South,2025-11-13 02:00:54,51,32
SENS_480,Zone_West,2025-10-24 04:31:42,26,80
SENS_406,Zone_North,2025-10-27 03:43:09,45,38
SENS_388,Zone_South,2025-10-24 15:10:34,19,58
SENS_534,Zone_South,2025-11-17 04:07:49,18,70
SENS_178,Zone_South,2025-10-30 14:59:02,18,57
SENS_765,Zone_East,2025-10-29 18:11:47,12,64
SENS_297,Zone_Center,2025-10-23 11:55:24,65,27
SENS_266,Zone_West,2025-11-14 15:11:50,95,20
SENS_951,Zone_Center,2025-11-16 01:57:58,54,25
SENS_185,Zone_Center,2025-10-27 17:17:08,25,79
SENS_361,Zone_North,2025-10-25 12:37:02,81,6
SENS_960,Zone_North,2025-11-02 12:12:15,66,31
SENS_716,Zone_South,2025-11-12 16:18:50,6,68
SENS_838,Zone_East,2025-11-19 20:36:47,35,51
SENS_905,Zone_West,2025-11-19 05:31:53,66,31
SENS_113,Zone_North,2025-11-06 21:50:42,3,61
SENS_832,Zone_North,2025-11-11 10:18:27,23,77
SENS_391,Zone_North,2025-10-31 17:37:19,35,48
SENS_522,Zone_Center,2025-11-06 21:30:37,42,20
SENS_220,Zone_Center,2025-11-02 06:06:11,3,52
SENS_951,Zone_North,2025-10-27 10:22:26,81,5
SENS_986,Zone_Center,2025-11-06 22:01:53,36,67
SENS_850,Zone_North,2025-11-02 03:26:43,73,22
SENS_197,Zone_North,2025-10-26 20:18:46,38,53
SENS_368,Zone_Center,2025-11-02 14:19:22,33,75
SENS_737,Zone_East,2025-11-11 02:46:06,64,41
SENS_190,Zone_East,2025-10-31 19:01:31,41,34
SENS_757,Zone_Center,2025-11-09 07:35:12,8,67
SENS_901,Zone_South,2025-11-01 19:09:02,3,74
SENS_263,Zone_South,2025-10-25 15:43:41,58,39
SENS_184,Zone_West,2025-11-13 22:48:12,56,21
SENS_732,Zone_Center,2025-11-19 11:44:30,30,74
SENS_786,Zone_North,2025-11-14 14:26:09,54,41
SENS_526,Zone_South,2025-10-24 17:22:11,32,66
SENS_704,Zone_West,2025-11-12 05:52:46,52,38
SENS_240,Zone_East,2025-10-29 02:55:43,90,5
SENS_228,Zone_Center,2025-11-01 13:54:38,47,29
SENS_214,Zone_North,2025-11-20 16:06:05,40,54
SENS_890,Zone_East,2025-11-13 04:09:46,21,61
SENS_128,Zone_Center,2025-10-30 17:30:56,60,42
SENS_916,Zone_North,2025-11-09 21:19:57,11,75
SENS_798,Zone_South,2025-11-09 05:12:05,19,65
SENS_934,Zone_North,2025-10-28 16:58:58,15,50
SENS_584,Zone_North,2025-11-13 07:21:57,95,15
SENS_777,Zone_North,2025-10-31 12:16:00,13,46
SENS_842,Zone_East,2025-11-08 11:50:52,67,45
SENS_580,Zone_Center,2025-11-04 04:16:36,50,42
SENS_875,Zone_East,2025-10-31 21:39:09,52,35
SENS_901,Zone_West,2025-11-07 09:24:06,25,71
SENS_197,Zone_Center,2025-10-28 06:16:20,50,31
SENS_350,Zone_Center,2025-10-23 15:27:10,79,29
SENS_709,Zone_East,2025-11-18 16:36:13,28,50
SENS_686,Zone_South,2025-10-24 23:33:33,28,74
SENS_350,Zone_West,2025-11-04 16:59:15,100,5
SENS_401,Zone_North,2025-10-28 17:05:44,94,16
SENS_812,Zone_West,2025-10-27 11:30:42,28,66
SENS_305,Zone_West,2025-11-13 16:26:48,35,69
SENS_106,Zone_Center,2025-11-13 08:20:35,38,47
SENS_826,Zone_South,2025-11-11 09:19:33,19,73
SENS_660,Zone_Center,2025-10-30 09:31:26,68,43
SENS_563,Zone_North,2025-11-07 18:21:18,48,29
SENS_628,Zone_South,2025-11-01 18:12:28,94,10
SENS_187,Zone_Center,2025-11-05 09:56:53,75,32
SENS_874,Zone_Center,2025-11-20 09:20:48,13,45
SENS_138,Zone_North,2025-10-29 16:43:53,19,57
SENS_662,Zone_North,2025-11-20 18:32:30,58,28
SENS_121,Zone_South,2025-10-30 08:02:57,69,38
SENS_847,Zone_East,2025-11-19 03:37:13,25,52
SENS_242,Zone_West,2025-11-17 22:04:01,72,34
SENS_835,Zone_North,2025-11-02 05:40:57,28,72
SENS_102,Zone_North,2025-10-26 06:48:35,2,71
SENS_498,Zone_South,2025-11-11 01:43:14,37,52
SENS_655,Zone_East,2025-11-16 09:57:52,33,77
SENS_449,Zone_Center,2025-11-14 20:02:05,61,21
SENS_101,Zone_Center,2025-11-01 14:14:02,59,25
SENS_677,Zone_South,2025-11-19 19:18:06,1,63
SENS_246,Zone_Center,2025-11-14 01:42:52,32,73
SENS_462,Zone_North,2025-11-13 13:13:04,84,8
SENS_886,Zone_North,2025-11-04 15:19:03,10,48
SENS_979,Zone_Center,2025-10-22 18:57:29,26,62
SENS_645,Zone_West,2025-11-11 20:50:41,34,47
SENS_967,Zone_East,2025-11-03 01:25:58,83,15
SENS_132,Zone_East,2025-11-03 02:48:16,94,14
SENS_892,Zone_North,2025-11-06 23:23:14,6,79
SENS_260,Zone_North,2025-11-12 03:59:47,46,39
SENS_437,Zone_North,2025-11-19 05:11:16,69,31
SENS_153,Zone_Center,2025-11-01 21:10:56,2,59
SENS_228,Zone_South,2025-11-19 19:31:26,78,25
SENS_601,Zone_Center,2025-10-29 07:37:20,0,47
SENS_489,Zone_West,2025-11-18 22:28:11,49,30
SENS_878,Zone_North,2025-10-22 07:58:32,23,50
SENS_436,Zone_East,2025-11-11 08:47:58,51,40
SENS_714,Zone_Center,2025-10-24 05:35:05,99,18
SENS_755,Zone_Center,2025-10-24 00:43:54,100,11
SENS_711,Zone_North,2025-11-13 22:24:36,68,31
SENS_206,Zone_Center,2025-11-15 13:30:52,46,36
SENS_667,Zone_West,2025-10-23 17:13:50,38,78
SENS_394,Zone_South,2025-11-11 18:02:01,67,27
SENS_976,Zone_Center,2025-11-16 20:51:41,27,54
SENS_736,Zone_East,2025-11-10 05:28:34,67,42
SENS_522,Zone_West,2025-11-14 08:26:57,15,45
SENS_844,Zone_Center,2025-10-26 20:14:14,87,20
SENS_641,Zone_West,2025-11-13 01:11:32,25,50
SENS_590,Zone_North,2025-11-15 03:06:32,88,14
SENS_407,Zone_North,2025-11-02 18:16:34,19,61
SENS_945,Zone_South,2025-10-26 02:52:07,96,18
SENS_956,Zone_North,2025-11-18 04:44:40,19,53
SENS_337,Zone_South,2025-10-22 16:32:01,85,16
SENS_557,Zone_South,2025-11-10 19:48:15,74,29
SENS_722,Zone_East,2025-11-01 16:03:21,54,30
SENS_541,Zone_South,2025-10-28 12:40:50,98,11
SENS_386,Zone_Center,2025-11-08 11:37:58,4,46
SENS_218,Zone_West,2025-11-05 10:40:50,13,67
SENS_863,Zone_East,2025-11-02 16:35:16,44,23
SENS_855,Zone_South,2025-10-26 11:46:03,96,19
SENS_851,Zone_West,2025-10-22 20:37:11,93,5
SENS_643,Zone_Center,2025-11-14 09:02:51,0,45
SENS_879,Zone_West,2025-11-05 21:13:13,39,66
SENS_189,Zone_East,2025-10-29 22:34:26,62,36
SENS_356,Zone_Center,2025-11-13 09:09:47,31,69
SENS_242,Zone_North,2025-11-18 18:36:06,1,59
SENS_499,Zone_West,2025-11-19 10:04:23,54,20
SENS_468,Zone_South,2025-10-23 06:30:13,26,77
SENS_295,Zone_Center,2025-11-13 03:59:16,11,62
SENS_281,Zone_East,2025-11-13 14:22:49,31,74
SENS_794,Zone_North,2025-10-28 19:34:06,94,16
SENS_578,Zone_South,2025-11-10 18:20:20,56,38
SENS_965,Zone_North,2025-10-31 01:32:14,32,75
SENS_571,Zone_East,2025-11-09 01:37:52,58,40
SENS_577,Zone_South,2025-11-13 15:00:13,14,47
SENS_174,Zone_West,2025-10-22 03:38:55,65,45
SENS_790,Zone_West,2025-10-25 12:25:47,34,74
SENS_306,Zone_Center,2025-11-09 18:28:36,58,38
SENS_455,Zone_West,2025-11-07 05:55:25,63,22
SENS_713,Zone_North,2025-11-16 20:37:37,69,45
SENS_244,Zone_North,2025-10-23 16:10:29,75,21
SENS_998,Zone_Center,2025-11-05 11:36:44,11,61
SENS_833,Zone_Center,2025-11-11 18:16:19,14,72
SENS_354,Zone_East,2025-11-04 04:23:14,49,26
SENS_932,Zone_East,2025-11-20 19:40:32,0,76
SENS_430,Zone_South,2025-11-17 10:02:33,90,12
SENS_968,Zone_West,2025-11-19 00:15:02,80,44
SENS_642,Zone_Center,2025-11-01 03:24:11,28,65
SENS_422,Zone_Center,2025-10-26 00:23:02,23,72
SENS_885,Zone_Center,2025-11-21 04:56:33,10,69
SENS_445,Zone_North,2025-11-07 09:10:21,92,9
SENS_975,Zone_West,2025-10-24 17:55:12,14,48
SENS_411,Zone_West,2025-11-16 01:46:17,59,39
SENS_738,Zone_Center,2025-11-08 18:08:22,41,44
SENS_981,Zone_West,2025-10-24 14:08:05,94,8
SENS_349,Zone_South,2025-10-27 11:20:43,35,45
SENS_137,Zone_South,2025-11-09 16:14:05,64,32
SENS_335,Zone_South,2025-11-08 20:00:15,94,15
SENS_389,Zone_North,2025-11-13 16:14:07,44,24
SENS_120,Zone_East,2025-11-21 03:24:09,36,79
SENS_269,Zone_Center,2025-10-24 01:40:55,49,42
SENS_608,Zone_South,2025-11-08 19:58:52,42,28
SENS_669,Zone_West,2025-11-08 20:59:07,50,36
SENS_895,Zone_East,2025-10-30 14:15:40,39,61
SENS_300,Zone_South,2025-11-18 05:05:53,97,18
SENS_786,Zone_Center,2025-10-25 08:07:39,58,31
SENS_118,Zone_East,2025-11-18 07:23:26,81,17
SENS_559,Zone_Center,2025-11-01 00:34:02,50,27
SENS_648,Zone_North,2025-10-28 19:18:52,99,15
SENS_421,Zone_Center,2025-11-07 08:16:52,100,18
SENS_361,Zone_South,2025-11-02 16:05:14,94,6
SENS_672,Zone_Center,2025-11-17 06:46:44,61,43
SENS_466,Zone_Center,2025-10-27 14:21:51,2,56
SENS_484,Zone_West,2025-11-14 07:32:43,25,65
SENS_735,Zone_Center,2025-11-19 05:56:53,33,53
SENS_281,Zone_Center,2025-11-01 06:29:15,100,15
SENS_713,Zone_East,2025-11-02 00:42:48,58,20
SENS_407,Zone_South,2025-11-06 15:25:38,69,34
SENS_162,Zone_South,2025-11-08 04:59:55,93,8
SENS_605,Zone_Center,2025-11-04 01:33:16,87,11
SENS_331,Zone_West,2025-11-15 12:45:24,95,17
SENS_665,Zone_North,2025-11-11 14:48:29,96,7
SENS_412,Zone_North,2025-11-04 12:57:27,46,23
SENS_225,Zone_East,2025-10-24 17:30:37,81,20
SENS_744,Zone_East,2025-10-25 03:53:25,44,38
SENS_265,Zone_Center,2025-11-09 04:25:10,9,57
SENS_866,Zone_West,2025-11-07 20:16:41,85,16
SENS_546,Zone_West,2025-11-13 01:09:23,19,60
SENS_332,Zone_Center,2025-11-14 16:33:19,24,64
SENS_985,Zone_East,2025-11-15 10:17:30,92,9
SENS_261,Zone_West,2025-11-16 15:41:22,34,59
SENS_829,Zone_East,2025-10-28 01:01:36,80,45
SENS_613,Zone_Center,2025-11-13 21:50:26,35,60
SENS_242,Zone_West,2025-11-16 21:46:25,48,28
SENS_665,Zone_South,2025-11-16 22:52:53,59,32
SENS_231,Zone_Center,2025-11-05 06:34:21,1,49
SENS_932,Zone_Center,2025-11-13 00:39:10,83,19
SENS_137,Zone_West,2025-11-21 05:31:14,67,23
SENS_610,Zone_North,2025-11-08 22:58:51,64,32
SENS_255,Zone_South,2025-10-25 06:31:18,71,38
SENS_506,Zone_South,2025-10-31 05:30:28,95,11
SENS_509,Zone_East,2025-11-13 07:31:19,61,40
SENS_215,Zone_North,2025-10-26 07:46:55,39,75
SENS_801,Zone_West,2025-10-25 23:27:55,9,52
SENS_111,Zone_North,2025-11-10 01:14:17,88,17
SENS_448,Zone_South,2025-10-30 18:23:27,35,54
SENS_857,Zone_East,2025-11-05 02:02:18,42,35
SENS_619,Zone_North,2025-10-25 19:42:36,85,15
SENS_346,Zone_West,2025-10-27 09:28:45,0,66
SENS_598,Zone_East,2025-10-30 02:01:35,38,65
SENS_860,Zone_East,2025-11-04 11:33:23,11,45
SENS_551,Zone_North,2025-10-27 12:34:41,63,40
SENS_917,Zone_South,2025-10-29 06:26:20,67,22
SENS_615,Zone_West,2025-11-15 04:19:29,41,37
SENS_378,Zone_East,2025-10-29 09:24:10,63,26
SENS_774,Zone_North,2025-11-01 00:02:08,45,22
SENS_610,Zone_North,2025-11-16 08:42:18,23,67
SENS_709,Zone_East,2025-10-23 04:29:45,86,9
SENS_306,Zone_East,2025-11-05 07:37:37,10,80
SENS_426,Zone_West,2025-11-11 07:21:37,72,27
SENS_802,Zone_East,2025-11-17 08:52:38,17,58
SENS_673,Zone_East,2025-10-28 11:52:58,80,42
SENS_714,Zone_West,2025-11-14 02:11:57,14,46
SENS_160,Zone_East,2025-11-07 21:59:42,79,37
SENS_564,Zone_West,2025-11-11 11:32:48,65,22
SENS_613,Zone_West,2025-11-12 15:11:39,34,66
SENS_697,Zone_West,2025-10-23 03:05:19,15,47
SENS_121,Zone_Center,2025-11-05 05:42:06,0,55
SENS_659,Zone_North,2025-10-31 06:19:53,96,17
SENS_860,Zone_Center,2025-10-25 03:24:05,15,56
SENS_779,Zone_Center,2025-10-23 03:44:04,28,57
SENS_240,Zone_East,2025-11-02 08:44:30,87,10
SENS_532,Zone_Center,2025-11-16 07:27:42,98,11
SENS_850,Zone_North,2025-11-07 09:23:07,73,25
SENS_235,Zone_North,2025-11-11 01:42:56,98,10
SENS_573,Zone_North,2025-11-19 04:17:59,7,46
SENS_254,Zone_East,2025-11-07 17:26:31,13,70
SENS_192,Zone_Center,2025-11-06 22:14:04,22,49
SENS_745,Zone_North,2025-11-14 16:27:50,82,12
SENS_748,Zone_Center,2025-11-19 21:22:16,95,17
SENS_896,Zone_West,2025-11-16 19:44:54,12,61
SENS_546,Zone_Center,2025-11-17 17:04:20,79,38
SENS_887,Zone_Center,2025-11-12 16:49:16,66,28
SENS_480,Zone_South,2025-11-13 07:40:36,80,25
SENS_321,Zone_Center,2025-11-05 20:20:29,100,15
SENS_706,Zone_South,2025-11-18 14:57:21,50,31
SENS_208,Zone_South,2025-10-28 11:47:52,20,74
SENS_877,Zone_West,2025-11-05 23:09:09,82,19
SENS_937,Zone_West,2025-10-30 10:08:53,85,20
SENS_123,Zone_Center,2025-11-03 16:59:26,82,16
SENS_175,Zone_North,2025-11-02 02:16:48,62,36
SENS_249,Zone_North,2025-11-14 14:14:38,55,38
SENS_753,Zone_North,2025-11-09 03:21:27,74,41
SENS_126,Zone_Center,2025-11-05 01:46:29,89,11
SENS_242,Zone_Center,2025-10-24 09:11:26,19,57
SENS_991,Zone_West,2025-10-29 06:53:12,80,20
SENS_281,Zone_Center,2025-11-08 05:28:32,46,30
SENS_350,Zone_North,2025-11-04 21:23:20,45,37
SENS_611,Zone_West,2025-11-13 05:15:10,18,73
SENS_204,Zone_East,2025-10-30 03:53:13,22,48
SENS_984,Zone_North,2025-11-21 02:48:59,47,45
SENS_271,Zone_North,2025-10-29 21:23:37,69,40
SENS_151,Zone_East,2025-11-17 01:44:56,34,48
SENS_805,Zone_West,2025-11-04 22:23:46,62,44
SENS_760,Zone_Center,2025-10-30 22:25:55,52,43
SENS_492,Zone_North,2025-10-30 14:22:06,68,25
SENS_934,Zone_South,2025-10-29 12:52:57,80,31
SENS_334,Zone_East,2025-10-29 21:56:07,26,62
SENS_148,Zone_North,2025-11-02 15:14:23,54,30
SENS_287,Zone_Center,2025-10-27 18:16:42,63,33
SENS_216,Zone_Center,2025-10-24 02:00:17,67,22
SENS_309,Zone_East,2025-11-06 10:57:21,67,38
SENS_869,Zone_East,2025-11-18 23:25:49,83,13
SENS_188,Zone_West,2025-10-28 05:24:44,80,37
SENS_458,Zone_South,2025-11-12 11:43:56,67,23
SENS_759,Zone_North,2025-11-03 17:27:22,76,20
SENS_458,Zone_Center,2025-11-09 00:45:33,23,65
SENS_822,Zone_South,2025-10-31 01:00:50,24,58
SENS_401,Zone_East,2025-11-01 01:04:59,95,5
SENS_347,Zone_East,2025-11-18 09:24:18,72,45
SENS_295,Zone_East,2025-10-23 18:28:32,24,71
SENS_913,Zone_West,2025-11-06 11:19:34,67,43
SENS_351,Zone_Center,2025-11-07 18:40:14,62,31
SENS_803,Zone_North,2025-10-29 06:25:39,51,26
SENS_944,Zone_West,2025-11-09 04:32:14,32,78
SENS_947,Zone_East,2025-11-12 20:31:03,6,58
SENS_716,Zone_West,2025-11-17 07:03:00,70,35
SENS_484,Zone_East,2025-10-29 23:29:59,93,15
SENS_925,Zone_Center,2025-11-16 23:47:56,70,28
SENS_447,Zone_North,2025-11-05 17:24:09,35,72
SENS_374,Zone_Center,2025-10-27 23:36:22,99,9
SENS_268,Zone_East,2025-10-23 07:05:59,33,49
SENS_387,Zone_South,2025-11-10 17:24:33,75,38
SENS_424,Zone_East,2025-11-15 07:55:22,89,5
SENS_343,Zone_South,2025-10-29 03:26:40,88,14
SENS_398,Zone_Center,2025-11-13 07:42:58,1,77
SENS_670,Zone_West,2025-11-06 15:08:27,51,24
SENS_905,Zone_South,2025-10-29 15:52:30,94,20
SENS_667,Zone_Center,2025-10-22 07:03:47,31,51
SENS_294,Zone_Center,2025-11-17 14:21:56,59,26
SENS_863,Zone_North,2025-11-15 17:14:03,78,26
SENS_146,Zone_South,2025-11-07 04:01:47,93,6
SENS_713,Zone_East,2025-11-05 10:24:31,10,56
SENS_809,Zone_Center,2025-11-14 02:12:21,95,11
SENS_700,Zone_Center,2025-11-05 03:43:59,52,25
SENS_222,Zone_South,2025-11-18 22:30:03,64,45
SENS_316,Zone_Center,2025-10-29 05:25:28,91,5
SENS_782,Zone_Center,2025-11-18 12:36:08,100,15
SENS_104,Zone_West,2025-11-12 13:09:01,45,45
SENS_725,Zone_Center,2025-11-07 12:39:21,41,25
SENS_427,Zone_North,2025-10-27 12:55:01,26,58
SENS_573,Zone_Center,2025-11-14 08:06:48,15,48
SENS_523,Zone_Center,2025-10-24 00:45:27,75,23
SENS_710,Zone_South,2025-10-28 20:29:59,76,30
SENS_744,Zone_South,2025-11-17 19:58:29,91,15
SENS_950,Zone_North,2025-10-27 18:13:49,30,80
SENS_703,Zone_North,2025-11-06 01:00:06,38,71
SENS_457,Zone_East,2025-10-23 06:56:56,12,69
SENS_129,Zone_East,2025-11-10 13:59:33,94,19
SENS_893,Zone_South,2025-11-21 01:31:30,26,50
SENS_450,Zone_North,2025-11-01 18:48:12,77,32
SENS_217,Zone_West,2025-11-12 17:39:21,26,69
SENS_847,Zone_Center,2025-11-08 10:27:13,2,75
SENS_495,Zone_South,2025-10-26 13:48:29,60,32
SENS_803,Zone_Center,2025-11-06 22:18:16,70,28
SENS_587,Zone_South,2025-10-24 18:10:43,20,59
SENS_546,Zone_North,2025-11-20 14:36:27,79,31
SENS_977,Zone_North,2025-10-31 13:25:33,44,39
SENS_482,Zone_North,2025-11-19 09:48:24,70,36
SENS_758,Zone_West,2025-11-16 15:23:59,89,5
SENS_623,Zone_Center,2025-11-01 20:52:34,18,47
SENS_425,Zone_West,2025-11-04 13:52:07,7,53
SENS_142,Zone_West,2025-10-31 14:05:07,65,41
SENS_815,Zone_Center,2025-10-23 04:19:51,32,76
SENS_203,Zone_East,2025-10-26 03:26:55,40,61
SENS_992,Zone_East,2025-11-17 05:21:20,73,41
SENS_560,Zone_North,2025-11-12 17:03:22,77,31
SENS_723,Zone_East,2025-10-26 07:51:41,79,37
SENS_530,Zone_East,2025-11-15 22:20:08,74,28
SENS_931,Zone_North,2025-11-10 05:35:48,85,14
SENS_244,Zone_East,2025-10-31 12:36:38,95,18
SENS_153,Zone_Center,2025-11-14 21:29:36,8,75
SENS_396,Zone_Center,2025-11-06 12:16:28,78,22
SENS_851,Zone_East,2025-11-20 08:48:22,90,6
SENS_617,Zone_South,2025-11-20 11:01:36,34,69
SENS_818,Zone_West,2025-11-15 22:03:56,81,5
SENS_549,Zone_East,2025-10-24 19:21:36,57,32
SENS_561,Zone_South,2025-11-08 14:43:51,8,76
SENS_170,Zone_North,2025-11-10 09:14:55,63,33
SENS_344,Zone_West,2025-10-29 06:25:46,55,36
SENS_194,Zone_South,2025-11-11 20:17:50,71,32
SENS_715,Zone_Center,2025-11-09 00:42:36,27,51
SENS_215,Zone_West,2025-11-09 19:54:49,30,55
SENS_620,Zone_North,2025-11-09 04:26:23,14,48
SENS_449,Zone_East,2025-10-22 16:15:47,42,38
SENS_295,Zone_North,2025-11-04 21:42:06,20,72
SENS_948,Zone_South,2025-11-07 19:55:16,93,6
SENS_224,Zone_Center,2025-11-08 03:25:05,7,77
SENS_634,Zone_East,2025-11-06 01:00:19,28,57
SENS_277,Zone_Center,2025-11-12 17:11:37,28,77
SENS_418,Zone_Center,2025-11-18 07:42:39,5,63
SENS_119,Zone_West,2025-10-26 08:07:11,46,33
SENS_725,Zone_North,2025-11-01 13:21:47,36,57
SENS_873,Zone_South,2025-11-12 15:36:51,72,27
SENS_382,Zone_South,2025-11-11 06:16:49,46,31
SENS_193,Zone_Center,2025-11-12 13:36:53,19,52
SENS_122,Zone_North,2025-11-05 02:20:34,18,71
SENS_723,Zone_Center,2025-10-30 00:53:22,77,45
SENS_376,Zone_East,2025-11-11 15:51:37,2,69
SENS_653,Zone_South,2025-11-11 04:37:50,63,45
SENS_220,Zone_West,2025-10-28 20:40:05,25,58
SENS_494,Zone_North,2025-11-19 14:10:27,21,57
SENS_305,Zone_South,2025-11-20 02:42:20,50,22
SENS_323,Zone_East,2025-10-26 06:20:53,77,26
SENS_843,Zone_West,2025-10-29 01:24:42,70,34
SENS_402,Zone_Center,2025-11-01 04:08:44,80,34
SENS_389,Zone_North,2025-11-05 19:20:59,94,17
SENS_880,Zone_West,2025-11-14 03:01:27,72,35
SENS_866,Zone_East,2025-11-16 14:04:48,90,14
SENS_441,Zone_Center,2025-11-07 08:50:55,49,21
SENS_689,Zone_South,2025-10-25 07:05:25,66,36
SENS_191,Zone_Center,2025-11-19 18:15:02,13,45
SENS_366,Zone_South,2025-11-09 07:51:59,13,78
SENS_943,Zone_West,2025-10-26 09:06:34,23,68
SENS_778,Zone_West,2025-10-22 09:46:17,43,44
SENS_920,Zone_North,2025-11-10 23:06:58,39,53
SENS_230,Zone_East,2025-11-04 08:30:40,14,58
SENS_540,Zone_Center,2025-11-11 05:00:13,30,48
SENS_235,Zone_South,2025-10-30 13:49:30,15,50
SENS_469,Zone_North,2025-11-18 01:37:48,24,80
SENS_985,Zone_East,2025-11-13 12:28:07,95,8
SENS_696,Zone_Center,2025-11-18 15:43:49,39,52
SENS_747,Zone_West,2025-10-28 17:35:29,87,17
SENS_970,Zone_South,2025-10-31 18:12:42,52,20
SENS_568,Zone_North,2025-10-31 02:46:23,78,31
SENS_949,Zone_North,2025-11-09 14:51:13,12,77
SENS_329,Zone_Center,2025-11-05 03:18:32,51,28
SENS_693,Zone_West,2025-11-17 23:21:42,1,55
SENS_485,Zone_East,2025-11-14 21:38:01,95,8
SENS_155,Zone_West,2025-10-24 03:15:53,43,42
SENS_984,Zone_North,2025-11-05 17:54:26,20,64
SENS_647,Zone_South,2025-11-19 11:52:37,79,25
SENS_825,Zone_East,2025-11-05 20:08:45,5,62
SENS_271,Zone_West,2025-11-15 01:43:43,33,61
SENS_406,Zone_South,2025-11-18 05:40:10,87,10
SENS_450,Zone_South,2025-11-13 14:01:13,58,28
SENS_915,Zone_Center,2025-11-01 23:38:42,75,33
SENS_859,Zone_North,2025-10-23 09:19:51,30,75
SENS_188,Zone_East,2025-10-22 04:54:38,61,33
SENS_224,Zone_East,2025-10-29 13:30:39,56,32
SENS_166,Zone_West,2025-11-03 20:06:03,9,73
SENS_664,Zone_Center,2025-11-05 15:46:57,40,57
SENS_202,Zone_North,2025-11-14 00:36:37,34,45
SENS_410,Zone_North,2025-10-28 02:44:11,43,42
SENS_188,Zone_North,2025-11-05 01:14:31,89,14
SENS_138,Zone_Center,2025-11-11 08:04:58,70,38
SENS_257,Zone_East,2025-10-30 19:02:37,61,34
SENS_256,Zone_East,2025-11-14 23:08:57,61,40
SENS_929,Zone_Center,2025-11-02 23:12:53,7,76
SENS_381,Zone_South,2025-10-23 11:11:52,43,44
SENS_721,Zone_North,2025-10-27 21:07:05,91,8
SENS_733,Zone_East,2025-11-04 13:02:28,61,26
SENS_814,Zone_South,2025-11-15 00:30:18,69,26
SENS_230,Zone_East,2025-10-25 07:48:00,36,77
SENS_538,Zone_North,2025-11-20 03:49:08,12,57
SENS_961,Zone_Center,2025-11-08 15:32:25,20,53
SENS_831,Zone_West,2025-11-19 07:03:02,41,25
SENS_860,Zone_West,2025-11-14 09:51:59,89,12
SENS_893,Zone_South,2025-11-18 13:00:07,29,57
SENS_184,Zone_Center,2025-11-12 06:06:59,67,25
SENS_620,Zone_East,2025-11-03 14:32:55,42,25
SENS_753,Zone_Center,2025-11-14 04:41:15,41,42
SENS_736,Zone_South,2025-10-27 21:23:06,40,46
SENS_218,Zone_East,2025-11-09 04:52:19,6,60
SENS_788,Zone_East,2025-11-15 23:11:45,36,80
SENS_340,Zone_East,2025-11-19 00:17:26,12,80
SENS_622,Zone_North,2025-10-22 22:30:05,91,20
SENS_531,Zone_Center,2025-11-03 16:26:33,35,73
SENS_297,Zone_East,2025-10-29 23:47:26,95,11
SENS_324,Zone_East,2025-11-19 07:44:11,80,43
SENS_406,Zone_South,2025-10-24 22:13:46,44,37
SENS_479,Zone_South,2025-10-29 04:19:19,60,42
SENS_176,Zone_West,2025-11-06 14:30:55,26,45
SENS_199,Zone_North,2025-11-13 11:12:54,76,39
SENS_112,Zone_Center,2025-10-28 15:55:33,71,37
SENS_224,Zone_North,2025-11-08 10:26:39,57,25
SENS_890,Zone_East,2025-10-30 00:19:42,92,12
SENS_233,Zone_South,2025-10-24 15:40:45,43,42
SENS_774,Zone_West,2025-11-04 07:44:38,39,73
SENS_388,Zone_North,2025-11-08 14:50:45,87,14
SENS_709,Zone_North,2025-11-11 10:49:45,66,45
SENS_589,Zone_South,2025-11-08 08:48:42,38,64
SENS_527,Zone_North,2025-10-24 10:49:01,72,31
SENS_546,Zone_North,2025-11-05 03:46:01,55,31
SENS_702,Zone_North,2025-11-05 05:52:23,32,76
SENS_680,Zone_Center,2025-11-16 19:06:11,14,76
SENS_184,Zone_Center,2025-10-25 19:34:10,4,57
SENS_291,Zone_North,2025-11-16 00:45:28,39,58
SENS_663,Zone_South,2025-10-31 11:52:14,65,36
SENS_502,Zone_West,2025-10-30 23:33:31,11,76
SENS_147,Zone_East,2025-10-26 16:10:14,96,9
SENS_803,Zone_Center,2025-11-20 03:40:07,90,5
SENS_239,Zone_West,2025-10-30 04:47:14,77,42
SENS_472,Zone_West,2025-11-17 11:31:50,40,74
SENS_184,Zone_West,2025-11-06 17:55:27,57,41
SENS_686,Zone_South,2025-11-06 10:28:18,26,69
SENS_336,Zone_South,2025-11-05 16:50:04,34,55
SENS_263,Zone_Center,2025-11-04 06:19:57,60,21
SENS_355,Zone_Center,2025-11-08 16:25:46,70,24
SENS_530,Zone_North,2025-10-26 17:42:50,85,16
SENS_298,Zone_Center,2025-11-17 00:42:17,47,21
SENS_428,Zone_Center,2025-11-19 05:51:47,14,56
SENS_409,Zone_West,2025-11-08 03:44:16,72,30
SENS_809,Zone_South,2025-10-29 01:30:10,33,68
SENS_417,Zone_Center,2025-10-22 17:05:12,92,16
SENS_244,Zone_West,2025-10-28 17:37:03,78,21
SENS_215,Zone_West,2025-11-16 05:46:21,52,40
SENS_929,Zone_West,2025-11-04 17:56:07,90,17
SENS_604,Zone_South,2025-11-09 04:39:10,45,42
SENS_876,Zone_South,2025-11-14 15:00:29,50,23
SENS_683,Zone_East,2025-11-11 02:04:06,66,35
SENS_201,Zone_South,2025-11-07 14:33:12,35,74
SENS_431,Zone_North,2025-10-30 00:00:09,85,15
SENS_568,Zone_Center,2025-10-27 01:23:07,43,45
SENS_689,Zone_South,2025-11-01 15:54:15,21,66
SENS_119,Zone_West,2025-10-29 14:07:46,57,29
SENS_954,Zone_West,2025-11-15 12:32:36,36,63
SENS_948,Zone_South,2025-11-01 19:40:33,0,54
SENS_440,Zone_East,2025-10-31 05:34:53,1,55
SENS_911,Zone_West,2025-11-18 04:56:25,95,16
SENS_856,Zone_West,2025-11-20 20:45:21,31,51
SENS_173,Zone_South,2025-11-16 14:29:23,6,45
SENS_567,Zone_East,2025-11-16 21:59:46,62,35
SENS_205,Zone_West,2025-11-17 20:09:10,75,21
SENS_320,Zone_East,2025-10-27 14:50:27,52,25
SENS_770,Zone_East,2025-11-11 08:18:13,66,41
SENS_460,Zone_North,2025-11-13 10:34:16,42,41
SENS_114,Zone_East,2025-10-25 19:04:22,11,69
SENS_265,Zone_North,2025-10-27 17:52:07,57,44
SENS_848,Zone_Center,2025-10-28 10:57:23,97,17
SENS_503,Zone_North,2025-10-22 22:18:30,10,62
SENS_673,Zone_North,2025-11-14 08:44:21,60,42
SENS_581,Zone_West,2025-11-07 23:45:14,46,27
SENS_562,Zone_East,2025-11-06 05:04:09,6,70
SENS_336,Zone_Center,2025-11-08 16:28:58,61,44
SENS_330,Zone_South,2025-10-28 20:01:22,80,39
SENS_349,Zone_West,2025-11-12 12:57:17,84,19
SENS_355,Zone_South,2025-11-20 02:22:16,39,45
SENS_617,Zone_South,2025-11-16 11:32:24,13,71
SENS_471,Zone_North,2025-11-07 16:34:17,58,45
SENS_608,Zone_South,2025-10-30 10:41:45,5,66
SENS_740,Zone_West,2025-11-05 21:02:34,26,56
SENS_480,Zone_West,2025-10-23 11:34:02,71,27
SENS_255,Zone_West,2025-10-27 20:14:07,84,14
SENS_723,Zone_West,2025-11-01 21:07:32,89,5
SENS_245,Zone_East,2025-10-28 08:01:23,10,65
SENS_828,Zone_South,2025-10-28 23:55:14,54,43
SENS_912,Zone_North,2025-11-02 02:02:18,71,20
SENS_568,Zone_Center,2025-11-06 00:14:23,81,18
SENS_861,Zone_South,2025-10-28 04:05:47,73,31
SENS_883,Zone_East,2025-11-01 06:32:32,96,19
SENS_221,Zone_East,2025-10-28 09:46:30,10,62
SENS_405,Zone_North,2025-10-25 21:38:29,38,79
SENS_710,Zone_West,2025-11-11 16:59:37,97,6
SENS_825,Zone_West,2025-10-27 12:13:32,77,41
SENS_144,Zone_East,2025-10-25 20:37:41,83,5
SENS_169,Zone_South,2025-10-22 23:58:15,38,70
SENS_363,Zone_Center,2025-11-14 14:15:28,89,20
SENS_715,Zone_West,2025-11-12 00:29:59,7,71
SENS_885,Zone_South,2025-10-24 03:35:44,59,34
SENS_293,Zone_East,2025-10-31 14:49:31,5,54
SENS_511,Zone_North,2025-10-27 07:40:34,8,70
SENS_258,Zone_West,2025-10-23 16:15:58,64,39
SENS_575,Zone_North,2025-11-16 00:18:23,90,15
SENS_243,Zone_North,2025-11-19 21:09:37,18,58
SENS_452,Zone_South,2025-10-24 23:06:32,72,27
SENS_464,Zone_Center,2025-11-13 20:34:49,16,80
SENS_123,Zone_Center,2025-10-27 20:36:51,78,45
SENS_449,Zone_West,2025-11-03 08:50:27,68,38
SENS_589,Zone_Center,2025-10-24 04:29:11,30,46
SENS_449,Zone_North,2025-10-25 07:14:37,8,56
SENS_144,Zone_South,2025-11-05 17:30:10,14,72
SENS_393,Zone_North,2025-10-22 14:01:41,8,69
SENS_395,Zone_West,2025-10-26 18:29:41,26,66
SENS_502,Zone_East,2025-10-28 02:17:23,51,24
SENS_528,Zone_Center,2025-11-20 07:11:54,46,41
SENS_795,Zone_West,2025-11-01 01:22:11,97,10
SENS_288,Zone_Center,2025-11-19 14:40:01,85,19
SENS_582,Zone_Center,2025-10-31 19:06:19,81,6
SENS_815,Zone_West,2025-10-31 01:20:47,32,45
SENS_827,Zone_South,2025-11-08 03:37:35,5,60
SENS_397,Zone_North,2025-10-23 12:08:57,29,57
SENS_231,Zone_West,2025-10-26 11:49:32,56,27
SENS_887,Zone_East,2025-10-29 03:38:46,31,73
SENS_948,Zone_West,2025-11-04 13:13:33,55,30
SENS_466,Zone_West,2025-11-19 05:31:09,48,32
SENS_563,Zone_South,2025-11-07 23:19:08,68,28
SENS_568,Zone_Center,2025-11-08 04:24:23,85,18
SENS_137,Zone_North,2025-10-29 21:07:22,4,80
SENS_465,Zone_Center,2025-11-15 09:20:28,17,53
SENS_870,Zone_Center,2025-11-20 20:12:21,83,11
SENS_235,Zone_West,2025-11-02 19:48:13,37,80
SENS_658,Zone_North,2025-11-15 14:19:18,47,39
SENS_790,Zone_South,2025-11-18 18:25:56,48,43
SENS_907,Zone_South,2025-10-25 09:40:42,73,28
SENS_537,Zone_East,2025-10-26 21:31:35,89,11
SENS_573,Zone_North,2025-11-19 03:38:04,48,29
SENS_820,Zone_North,2025-10-22 18:21:10,61,23
SENS_502,Zone_South,2025-11-16 18:12:06,61,37
SENS_264,Zone_West,2025-11-01 14:52:51,53,28
SENS_794,Zone_Center,2025-10-31 09:13:44,27,59
SENS_951,Zone_South,2025-11-04 18:26:49,72,27
SENS_305,Zone_West,2025-10-30 10:11:26,48,38
SENS_733,Zone_Center,2025-11-17 03:51:27,63,23
SENS_585,Zone_East,2025-10-22 07:06:12,78,30
SENS_371,Zone_Center,2025-10-26 21:02:13,9,75
SENS_199,Zone_East,2025-11-01 11:24:21,96,12
SENS_850,Zone_North,2025-11-15 13:29:24,78,20
SENS_293,Zone_West,2025-11-14 03:08:37,12,55
SENS_416,Zone_West,2025-11-08 21:01:13,50,22
SENS_939,Zone_South,2025-11-19 16:44:17,7,72
SENS_637,Zone_South,2025-10-31 01:44:49,47,22
SENS_644,Zone_East,2025-11-12 10:18:28,60,21
SENS_399,Zone_Center,2025-10-27 07:06:07,90,8
SENS_757,Zone_South,2025-10-30 20:45:49,36,54
SENS_640,Zone_South,2025-11-08 07:27:28,30,64
SENS_671,Zone_Center,2025-11-09 12:20:36,60,33
SENS_633,Zone_West,2025-11-11 16:09:46,96,11
SENS_831,Zone_South,2025-11-01 11:42:26,69,23
SENS_242,Zone_South,2025-11-16 01:12:21,73,35
SENS_113,Zone_Center,2025-11-02 03:10:47,42,45
SENS_434,Zone_North,2025-11-10 20:55:21,82,20
SENS_734,Zone_Center,2025-10-27 13:32:04,2,64
SENS_973,Zone_North,2025-11-06 08:13:23,35,48
SENS_457,Zone_West,2025-10-28 02:04:56,64,35
SENS_709,Zone_Center,2025-11-13 16:52:29,36,75
SENS_614,Zone_Center,2025-10-27 10:35:15,74,38
SENS_267,Zone_East,2025-11-16 07:35:11,6,59
SENS_748,Zone_South,2025-10-28 16:24:33,35,61
SENS_312,Zone_Center,2025-11-15 03:43:39,21,49
SENS_980,Zone_South,2025-11-08 14:56:50,54,26
SENS_145,Zone_West,2025-11-05 01:55:13,6,70
SENS_391,Zone_West,2025-11-18 03:09:57,40,75
SENS_117,Zone_East,2025-10-24 01:22:20,77,25
SENS_643,Zone_East,2025-10-26 01:53:08,42,23
SENS_694,Zone_North,2025-11-07 00:20:31,76,43
SENS_879,Zone_West,2025-11-15 01:16:37,60,37
SENS_589,Zone_West,2025-10-27 16:53:11,12,73
SENS_370,Zone_Center,2025-11-09 18:21:44,16,69
SENS_149,Zone_North,2025-11-04 20:29:28,54,33
SENS_413,Zone_West,2025-11-13 06:26:25,57,38
SENS_939,Zone_West,2025-11-20 05:33:52,39,78
SENS_804,Zone_West,2025-11-06 05:34:27,11,45
SENS_480,Zone_North,2025-11-12 15:18:21,68,28
SENS_141,Zone_South,2025-11-02 01:13:17,89,11
SENS_123,Zone_North,2025-11-17 23:25:07,82,13
SENS_798,Zone_West,2025-11-10 20:34:41,80,35
SENS_817,Zone_North,2025-11-05 04:37:15,24,52
SENS_928,Zone_Center,2025-11-11 20:40:17,82,12
SENS_102,Zone_North,2025-10-31 06:00:37,98,19
SENS_309,Zone_East,2025-10-25 11:09:37,0,79
SENS_553,Zone_South,2025-11-14 04:15:49,38,61
SENS_748,Zone_South,2025-11-08 22:09:36,13,52
SENS_102,Zone_East,2025-10-30 18:57:23,97,14
SENS_563,Zone_Center,2025-10-22 16:57:23,91,5
SENS_994,Zone_West,2025-11-14 22:52:18,80,29
SENS_992,Zone_East,2025-10-27 04:35:38,0,46
SENS_169,Zone_East,2025-11-10 07:51:51,54,24
SENS_444,Zone_Center,2025-11-12 08:26:05,4,45
SENS_123,Zone_North,2025-11-16 11:00:20,100,9
SENS_126,Zone_North,2025-10-26 05:05:56,50,32
SENS_322,Zone_Center,2025-10-27 20:57:31,96,10
SENS_478,Zone_West,2025-10-29 01:05:43,50,33
SENS_664,Zone_Center,2025-11-10 06:02:55,36,59
SENS_632,Zone_West,2025-11-10 12:49:16,74,35
SENS_411,Zone_Center,2025-11-19 18:06:32,63,30
SENS_803,Zone_South,2025-10-27 00:34:29,87,8
SENS_526,Zone_Center,2025-10-30 06:38:12,6,51
SENS_967,Zone_South,2025-10-25 05:27:11,88,12
SENS_638,Zone_Center,2025-11-08 17:48:46,52,21
SENS_785,Zone_South,2025-10-31 18:00:44,42,41
SENS_248,Zone_East,2025-11-07 12:35:40,25,73
SENS_204,Zone_West,2025-10-31 19:23:01,97,11
SENS_886,Zone_East,2025-11-19 23:14:22,17,76
SENS_741,Zone_South,2025-11-10 17:05:27,22,65
SENS_849,Zone_South,2025-10-28 01:05:17,81,18
SENS_548,Zone_East,2025-11-02 09:22:22,74,20
SENS_243,Zone_West,2025-11-11 16:52:34,57,37
SENS_239,Zone_Center,2025-11-15 07:33:55,45,32
SENS_901,Zone_North,2025-11-04 14:33:26,99,8
SENS_935,Zone_East,2025-11-19 08:02:39,62,33
SENS_539,Zone_West,2025-11-19 21:42:44,17,74
SENS_324,Zone_Center,2025-11-04 08:05:46,6,48
SENS_464,Zone_South,2025-11-10 12:22:05,40,77
SENS_947,Zone_South,2025-11-08 08:56:36,42,27
SENS_498,Zone_West,2025-11-14 04:26:16,57,31
SENS_529,Zone_East,2025-11-20 08:47:55,3,64
SENS_704,Zone_East,2025-11-10 17:16:15,83,13
SENS_299,Zone_South,2025-11-14 14:34:54,55,32
SENS_368,Zone_West,2025-11-15 21:54:03,60,36
SENS_782,Zone_North,2025-11-04 14:59:28,95,14
SENS_416,Zone_South,2025-10-29 05:45:47,24,49
SENS_822,Zone_West,2025-11-13 03:44:52,36,61
SENS_987,Zone_Center,2025-10-27 07:55:54,14,47
SENS_643,Zone_South,2025-10-28 00:25:18,8,59
SENS_294,Zone_Center,2025-11-03 06:08:05,28,61
SENS_605,Zone_East,2025-11-14 20:11:02,55,37
SENS_857,Zone_North,2025-11-15 05:25:33,93,5
SENS_712,Zone_East,2025-11-02 06:59:12,3,48
SENS_833,Zone_South,2025-10-28 14:53:24,53,38
SENS_315,Zone_West,2025-10-23 12:41:25,44,26
SENS_138,Zone_East,2025-10-26 22:06:22,52,34
SENS_306,Zone_East,2025-10-24 15:38:15,30,77
SENS_536,Zone_West,2025-10-25 09:33:07,62,30
SENS_763,Zone_West,2025-11-15 06:25:45,60,23
SENS_332,Zone_East,2025-10-23 09:13:28,6,59
SENS_700,Zone_Center,2025-10-30 18:43:17,35,57
SENS_654,Zone_East,2025-11-09 15:51:35,30,49
SENS_345,Zone_East,2025-11-20 10:27:04,10,72
SENS_432,Zone_East,2025-11-06 22:59:28,19,77
SENS_489,Zone_Center,2025-10-29 12:00:39,44,32
SENS_986,Zone_South,2025-11-05 18:47:32,93,8
SENS_404,Zone_North,2025-11-21 06:42:13,0,77
SENS_285,Zone_East,2025-11-21 08:10:43,34,46
SENS_669,Zone_Center,2025-10-26 18:17:48,67,35
SENS_429,Zone_South,2025-10-25 19:12:32,90,19
SENS_199,Zone_North,2025-11-16 07:50:39,52,35
SENS_757,Zone_East,2025-11-14 23:30:00,27,46
SENS_960,Zone_South,2025-11-13 17:00:53,47,41
SENS_324,Zone_South,2025-10-31 21:19:39,22,70
SENS_554,Zone_West,2025-11-05 08:05:08,61,29
SENS_123,Zone_North,2025-11-15 06:09:15,80,25
SENS_603,Zone_North,2025-11-14 21:14:35,58,45
SENS_739,Zone_Center,2025-11-15 14:11:18,100,18
SENS_207,Zone_East,2025-11-03 18:55:19,33,49
SENS_178,Zone_East,2025-11-17 10:02:46,62,21
SENS_291,Zone_East,2025-11-07 18:24:04,6,62
SENS_274,Zone_South,2025-11-17 07:49:18,26,62
SENS_291,Zone_Center,2025-11-17 14:55:06,6,57
SENS_508,Zone_South,2025-10-22 22:38:50,87,6
SENS_381,Zone_West,2025-10-23 14:52:29,88,19
SENS_331,Zone_South,2025-11-11 23:31:11,28,59
SENS_544,Zone_West,2025-10-27 20:51:40,38,74
SENS_967,Zone_Center,2025-11-09 17:01:16,49,27
SENS_817,Zone_East,2025-11-12 22:28:57,88,18
SENS_783,Zone_Center,2025-11-06 08:32:52,70,23
SENS_266,Zone_North,2025-11-09 08:31:25,40,46
SENS_611,Zone_West,2025-11-12 13:40:31,6,76
SENS_226,Zone_North,2025-11-13 09:35:54,86,16
SENS_923,Zone_East,2025-10-23 19:58:51,73,43
SENS_834,Zone_East,2025-10-23 16:20:39,100,10
SENS_317,Zone_West,2025-10-30 16:07:39,91,6
SENS_716,Zone_Center,2025-11-18 02:37:24,72,40
SENS_521,Zone_East,2025-11-05 19:07:57,92,11
SENS_751,Zone_North,2025-10-30 01:18:06,74,33
SENS_880,Zone_South,2025-11-14 22:40:30,86,19
SENS_188,Zone_North,2025-11-11 23:50:23,64,30
SENS_630,Zone_South,2025-10-28 14:45:00,43,38
SENS_408,Zone_West,2025-11-06 06:06:06,91,6
SENS_149,Zone_North,2025-11-09 23:22:17,75,33
SENS_330,Zone_Center,2025-11-14 17:59:10,62,20
SENS_835,Zone_Center,2025-10-27 09:29:57,44,38
SENS_604,Zone_West,2025-11-18 16:49:27,30,52
SENS_641,Zone_Center,2025-11-14 21:35:47,70,41
SENS_809,Zone_North,2025-11-17 23:15:54,87,17
SENS_688,Zone_East,2025-11-17 06:29:51,58,41
SENS_673,Zone_North,2025-11-18 20:43:59,55,22
SENS_585,Zone_West,2025-11-13 21:26:17,52,30
SENS_716,Zone_West,2025-11-14 04:32:11,19,66
SENS_680,Zone_West,2025-11-18 09:08:06,50,38
SENS_354,Zone_North,2025-10-29 16:10:31,4,72
SENS_910,Zone_West,2025-11-15 16:23:27,23,71
SENS_790,Zone_West,2025-10-24 18:59:54,48,25
SENS_954,Zone_North,2025-11-10 02:03:22,37,70
SENS_561,Zone_North,2025-11-03 20:55:57,39,80
SENS_781,Zone_Center,2025-11-15 02:25:00,73,35
SENS_889,Zone_West,2025-11-19 18:40:38,2,73
SENS_592,Zone_East,2025-11-09 10:13:34,94,9
SENS_558,Zone_North,2025-11-21 00:50:48,43,27
SENS_897,Zone_East,2025-11-08 05:03:34,68,34
SENS_185,Zone_Center,2025-11-04 21:27:13,53,43
SENS_236,Zone_North,2025-11-06 15:26:58,47,44
SENS_785,Zone_Center,2025-10-25 01:37:26,47,31
SENS_850,Zone_North,2025-10-23 10:51:13,96,19
SENS_263,Zone_West,2025-11-19 17:59:59,61,34
SENS_836,Zone_West,2025-10-24 06:37:36,41,27
SENS_213,Zone_West,2025-10-28 07:25:17,32,56
SENS_378,Zone_East,2025-11-08 20:57:31,4,47
SENS_983,Zone_South,2025-11-08 00:31:51,48,33
SENS_782,Zone_South,2025-11-19 10:25:51,84,16
SENS_470,Zone_East,2025-10-23 09:24:02,27,79
SENS_885,Zone_West,2025-11-21 10:24:57,82,12
SENS_273,Zone_East,2025-11-07 15:39:09,60,36
SENS_305,Zone_West,2025-11-09 13:27:36,47,21
SENS_846,Zone_Center,2025-10-26 19:28:51,79,42
SENS_349,Zone_East,2025-11-11 20:53:19,40,51
SENS_829,Zone_North,2025-11-07 20:10:50,84,13
SENS_236,Zone_South,2025-11-08 10:25:17,27,75
SENS_950,Zone_South,2025-11-11 01:59:33,66,40
SENS_947,Zone_East,2025-11-08 03:19:06,50,21
SENS_474,Zone_North,2025-10-24 19:49:41,40,47
SENS_593,Zone_West,2025-11-02 22:36:26,14,48
SENS_348,Zone_South,2025-11-03 02:33:04,8,80
SENS_867,Zone_North,2025-11-02 11:24:52,43,36
SENS_561,Zone_Center,2025-11-06 05:40:56,64,28
SENS_952,Zone_Center,2025-11-19 20:24:33,6,62
SENS_646,Zone_Center,2025-10-26 05:01:27,12,80
SENS_749,Zone_West,2025-10-25 06:22:23,27,74
SENS_459,Zone_North,2025-11-05 21:18:31,84,10
SENS_706,Zone_East,2025-10-27 15:25:43,38,60
SENS_174,Zone_East,2025-11-07 11:23:08,62,39
SENS_274,Zone_North,2025-10-30 07:52:01,51,25
SENS_189,Zone_West,2025-10-23 01:01:34,78,21
SENS_497,Zone_East,2025-11-17 05:21:39,43,31
SENS_895,Zone_South,2025-11-06 22:00:49,98,11
SENS_698,Zone_East,2025-10-23 21:36:29,69,40
SENS_704,Zone_North,2025-11-13 11:03:30,80,44
SENS_372,Zone_South,2025-11-11 14:16:36,39,55
SENS_918,Zone_South,2025-11-18 15:53:07,87,8
SENS_800,Zone_North,2025-11-16 01:47:55,6,73
SENS_849,Zone_East,2025-11-11 12:45:42,73,36
SENS_520,Zone_West,2025-11-04 00:41:36,0,79
SENS_381,Zone_East,2025-10-23 01:49:49,92,6
SENS_550,Zone_North,2025-11-13 21:18:00,84,13
SENS_203,Zone_South,2025-11-19 15:07:01,49,32
SENS_436,Zone_West,2025-10-23 03:58:02,75,25
SENS_978,Zone_Center,2025-11-06 10:49:33,85,14
SENS_391,Zone_West,2025-11-09 10:09:22,61,43
SENS_858,Zone_North,2025-11-18 18:34:12,2,64
SENS_282,Zone_Center,2025-11-10 00:47:36,75,23
SENS_888,Zone_East,2025-11-06 17:42:29,37,46
SENS_368,Zone_West,2025-11-18 21:06:57,52,31
SENS_630,Zone_West,2025-10-26 19:55:07,30,78
SENS_195,Zone_South,2025-11-14 19:02:20,27,75
SENS_936,Zone_North,2025-10-26 22:38:04,89,12
SENS_915,Zone_East,2025-11-01 01:57:38,8,58
SENS_790,Zone_North,2025-11-07 09:29:25,35,51
SENS_100,Zone_Center,2025-11-15 04:47:38,32,46
SENS_125,Zone_North,2025-11-15 11:49:40,82,18
SENS_524,Zone_South,2025-11-07 13:39:07,100,8
SENS_770,Zone_Center,2025-10-30 04:11:41,63,26
SENS_166,Zone_West,2025-11-20 22:23:11,38,79
SENS_928,Zone_South,2025-11-05 15:01:37,53,33
SENS_728,Zone_South,2025-11-08 17:22:30,26,56
SENS_896,Zone_North,2025-11-12 06:01:35,51,30
SENS_704,Zone_West,2025-10-31 21:07:33,37,80
SENS_296,Zone_Center,2025-11-15 05:03:02,79,24
SENS_781,Zone_West,2025-10-25 17:48:55,87,14
SENS_786,Zone_South,2025-11-17 02:21:06,21,48
SENS_265,Zone_West,2025-11-01 11:28:53,18,80
SENS_649,Zone_West,2025-11-05 00:51:12,46,34
SENS_933,Zone_Center,2025-11-03 22:59:17,99,12
SENS_128,Zone_East,2025-10-24 09:26:16,5,68
SENS_249,Zone_South,2025-11-05 12:27:47,23,73
SENS_801,Zone_South,2025-11-18 22:15:36,29,46
SENS_195,Zone_North,2025-11-10 14:27:20,13,69
SENS_125,Zone_North,2025-11-02 01:14:10,96,11
SENS_366,Zone_Center,2025-11-21 09:44:22,40,66
SENS_415,Zone_North,2025-10-26 13:11:55,36,62
SENS_205,Zone_East,2025-11-19 03:42:14,31,58
SENS_287,Zone_West,2025-10-26 16:25:57,70,43
SENS_672,Zone_West,2025-11-19 19:37:56,4,74
SENS_208,Zone_Center,2025-11-07 10:30:17,97,7
SENS_871,Zone_East,2025-11-04 08:33:11,13,51
SENS_738,Zone_Center,2025-10-25 08:26:05,10,64
SENS_495,Zone_South,2025-11-18 13:59:48,31,60
SENS_985,Zone_East,2025-11-16 20:47:38,91,20
SENS_740,Zone_East,2025-11-14 03:47:16,81,8
SENS_824,Zone_Center,2025-11-11 19:40:27,73,27
SENS_502,Zone_East,2025-11-01 06:25:25,88,10
SENS_361,Zone_East,2025-11-07 22:42:46,34,47
SENS_797,Zone_Center,2025-10-25 19:22:38,8,58
SENS_363,Zone_South,2025-11-05 17:44:14,15,52
SENS_893,Zone_Center,2025-11-15 14:00:27,4,46
SENS_970,Zone_Center,2025-11-05 15:28:45,32,70
SENS_937,Zone_Center,2025-11-12 02:26:14,0,70
SENS_200,Zone_West,2025-11-17 07:08:40,93,16
SENS_626,Zone_North,2025-11-06 07:08:33,86,15
SENS_207,Zone_North,2025-10-31 19:09:59,33,49
SENS_945,Zone_Center,2025-11-11 04:46:15,97,19
SENS_775,Zone_South,2025-11-10 14:46:28,6,59
SENS_409,Zone_West,2025-11-03 06:48:16,69,32
SENS_104,Zone_South,2025-11-21 10:11:44,5,52
SENS_845,Zone_West,2025-11-16 02:30:31,23,66
SENS_371,Zone_Center,2025-11-13 02:06:34,22,51
SENS_217,Zone_West,2025-11-17 16:00:59,90,5
SENS_725,Zone_South,2025-10-30 20:28:30,26,76
SENS_287,Zone_Center,2025-10-22 23:44:03,6,75
SENS_996,Zone_Center,2025-11-16 03:30:16,27,69
SENS_796,Zone_West,2025-10-31 03:23:37,78,39
SENS_141,Zone_East,2025-11-19 02:07:52,23,76
SENS_342,Zone_Center,2025-11-15 07:40:27,12,46
SENS_431,Zone_South,2025-11-01 10:10:04,71,26
SENS_203,Zone_Center,2025-11-13 18:29:54,69,36
SENS_215,Zone_West,2025-11-04 02:13:40,74,33
SENS_931,Zone_North,2025-11-16 22:43:22,59,27
SENS_396,Zone_West,2025-11-20 21:54:49,76,23
SENS_936,Zone_Center,2025-11-12 03:23:08,71,44
SENS_118,Zone_Center,2025-11-18 13:38:00,13,47
SENS_123,Zone_East,2025-10-24 23:49:37,63,43
SENS_690,Zone_Center,2025-11-16 10:32:53,92,17
SENS_990,Zone_South,2025-10-31 19:49:54,28,70
SENS_982,Zone_North,2025-11-08 18:28:14,59,21
SENS_361,Zone_West,2025-11-13 12:53:45,56,21
SENS_516,Zone_South,2025-10-29 06:11:37,80,34
SENS_185,Zone_West,2025-11-02 18:06:57,71,23
SENS_620,Zone_Center,2025-10-29 09:22:24,52,39
SENS_868,Zone_North,2025-11-05 15:54:23,51,22
SENS_565,Zone_East,2025-11-12 05:19:28,74,20
SENS_227,Zone_North,2025-11-11 00:02:52,42,24
SENS_110,Zone_North,2025-11-06 13:19:04,5,56
SENS_911,Zone_Center,2025-10-25 05:07:24,67,26
SENS_825,Zone_East,2025-10-31 23:13:20,10,57
SENS_914,Zone_South,2025-11-11 02:35:07,79,44
SENS_877,Zone_East,2025-11-04 01:03:41,56,25
SENS_206,Zone_South,2025-11-05 00:29:28,55,22
SENS_178,Zone_West,2025-10-29 21:09:15,52,20
SENS_334,Zone_West,2025-11-03 12:50:31,48,34
SENS_864,Zone_South,2025-11-20 06:32:46,81,10
SENS_161,Zone_West,2025-11-02 13:10:16,45,31
SENS_668,Zone_Center,2025-11-10 18:55:41,39,47
SENS_219,Zone_North,2025-11-02 15:54:47,85,17
SENS_349,Zone_Center,2025-10-27 14:21:55,25,76
SENS_998,Zone_West,2025-10-29 08:46:43,35,45
SENS_109,Zone_West,2025-10-31 09:39:30,43,20
SENS_161,Zone_West,2025-10-23 10:20:15,88,17
SENS_342,Zone_Center,2025-11-03 00:11:20,72,27
SENS_560,Zone_East,2025-11-06 03:51:57,20,57
SENS_163,Zone_North,2025-11-13 14:50:42,45,24
SENS_108,Zone_East,2025-11-14 15:34:17,33,66
SENS_407,Zone_West,2025-11-18 06:18:12,37,69
SENS_848,Zone_West,2025-11-12 06:11:30,1,72
SENS_686,Zone_Center,2025-11-11 13:44:52,22,51
SENS_445,Zone_Center,2025-10-23 21:10:20,71,20
SENS_318,Zone_Center,2025-10-31 21:23:45,74,31
SENS_517,Zone_Center,2025-10-29 19:43:33,83,17
SENS_318,Zone_North,2025-11-04 07:47:32,39,68
SENS_689,Zone_Center,2025-10-28 17:00:47,15,70
SENS_616,Zone_West,2025-10-23 12:00:45,81,14
SENS_401,Zone_North,2025-11-03 15:06:50,14,64
SENS_262,Zone_South,2025-11-04 13:41:16,44,26
SENS_323,Zone_West,2025-11-17 19:40:44,7,69
SENS_980,Zone_Center,2025-10-30 15:05:51,32,74
SENS_649,Zone_East,2025-10-24 03:15:51,14,63
SENS_575,Zone_Center,2025-11-14 16:06:24,42,22
SENS_663,Zone_South,2025-10-23 01:15:19,30,77
SENS_947,Zone_South,2025-10-24 18:31:15,37,80
SENS_730,Zone_South,2025-10-26 03:50:42,40,57
SENS_756,Zone_East,2025-11-06 07:47:08,13,76
SENS_179,Zone_North,2025-11-20 06:58:28,73,41
SENS_738,Zone_East,2025-11-05 13:13:51,65,40
SENS_686,Zone_South,2025-10-25 04:08:16,90,13
SENS_719,Zone_North,2025-11-10 20:15:26,83,15
SENS_138,Zone_Center,2025-11-08 17:29:29,50,34
SENS_915,Zone_North,2025-10-26 11:16:28,69,44
SENS_874,Zone_North,2025-11-10 08:28:34,56,38
SENS_406,Zone_West,2025-10-28 21:49:28,59,36
SENS_947,Zone_East,2025-11-02 13:04:04,98,5
SENS_647,Zone_South,2025-10-27 12:28:14,96,12
SENS_536,Zone_North,2025-11-18 19:17:31,63,32
SENS_536,Zone_East,2025-11-15 08:53:30,22,66
SENS_832,Zone_Center,2025-10-27 22:37:07,85,5
SENS_348,Zone_Center,2025-11-16 10:11:04,77,28
SENS_336,Zone_West,2025-11-19 06:17:52,65,20
SENS_147,Zone_East,2025-11-16 14:01:56,84,11
SENS_703,Zone_West,2025-11-03 07:26:15,63,40
SENS_246,Zone_East,2025-11-15 04:28:02,33,78
SENS_116,Zone_South,2025-10-26 11:12:26,89,10
SENS_143,Zone_South,2025-11-02 15:26:22,97,11
SENS_251,Zone_Center,2025-11-20 04:54:08,42,40
SENS_397,Zone_West,2025-10-28 00:31:22,98,20
SENS_234,Zone_West,2025-11-06 07:12:34,1,49
SENS_194,Zone_Center,2025-11-07 01:42:21,41,39
SENS_781,Zone_South,2025-11-19 10:50:57,6,72
SENS_327,Zone_Center,2025-11-10 00:23:07,63,28
SENS_313,Zone_North,2025-11-02 12:56:52,99,14
SENS_289,Zone_West,2025-11-11 14:44:17,5,78
SENS_318,Zone_North,2025-11-01 16:03:29,41,36
SENS_604,Zone_South,2025-10-29 02:09:21,74,39
SENS_353,Zone_Center,2025-10-27 06:30:26,29,65
SENS_664,Zone_North,2025-10-30 14:07:46,75,41
SENS_168,Zone_North,2025-11-01 11:30:52,43,39
SENS_372,Zone_South,2025-11-04 09:55:50,14,60
SENS_840,Zone_Center,2025-11-12 10:05:09,80,33
SENS_809,Zone_Center,2025-11-10 21:51:07,29,47
SENS_755,Zone_North,2025-11-03 10:20:52,72,32
SENS_715,Zone_South,2025-11-19 16:51:18,45,32
SENS_486,Zone_West,2025-10-24 19:13:04,6,67
SENS_945,Zone_West,2025-11-14 21:22:08,62,23
SENS_273,Zone_East,2025-11-16 23:35:51,89,14
SENS_236,Zone_East,2025-11-09 06:37:22,19,76
SENS_158,Zone_North,2025-10-27 13:40:10,61,40
SENS_309,Zone_Center,2025-11-06 10:47:51,78,35
SENS_317,Zone_South,2025-11-17 13:53:56,60,29
SENS_185,Zone_South,2025-11-11 15:48:03,75,42
SENS_669,Zone_South,2025-11-14 03:18:18,12,50
SENS_315,Zone_North,2025-11-03 01:04:28,84,20
SENS_868,Zone_South,2025-11-04 13:38:35,33,75
SENS_107,Zone_East,2025-10-29 02:53:39,94,12
SENS_239,Zone_North,2025-11-08 16:59:00,82,9
SENS_337,Zone_West,2025-11-14 03:44:00,47,21
SENS_614,Zone_West,2025-11-08 22:30:26,41,42
SENS_401,Zone_North,2025-11-06 01:06:20,96,6
SENS_563,Zone_Center,2025-10-23 02:36:47,61,31
SENS_636,Zone_North,2025-11-20 11:53:07,55,24
SENS_104,Zone_South,2025-10-23 18:36:57,27,66
SENS_675,Zone_South,2025-10-24 17:45:28,26,53
SENS_553,Zone_North,2025-11-02 17:18:09,61,25
SENS_848,Zone_East,2025-11-03 08:48:23,24,49
SENS_674,Zone_West,2025-11-17 22:02:04,25,46
SENS_742,Zone_Center,2025-11-09 18:15:23,69,27
SENS_264,Zone_South,2025-11-06 02:23:02,90,11
SENS_567,Zone_Center,2025-11-08 16:49:00,20,48
SENS_595,Zone_West,2025-10-28 00:15:46,58,36
SENS_989,Zone_West,2025-11-17 01:16:34,48,29
SENS_899,Zone_East,2025-11-02 13:27:53,50,29
SENS_246,Zone_North,2025-11-12 13:29:47,2,62
SENS_350,Zone_Center,2025-11-09 22:39:41,95,17
SENS_679,Zone_East,2025-10-22 11:13:28,77,43
SENS_798,Zone_East,2025-11-10 03:54:34,30,45
SENS_452,Zone_West,2025-11-03 11:46:41,69,45
SENS_831,Zone_East,2025-11-05 16:37:12,23,69
SENS_354,Zone_North,2025-10-26 11:12:33,49,42
SENS_950,Zone_North,2025-11-02 12:23:28,68,34
SENS_534,Zone_East,2025-11-05 12:34:58,45,31
SENS_158,Zone_South,2025-11-01 07:10:40,82,13
SENS_299,Zone_South,2025-10-29 20:44:17,38,79
SENS_809,Zone_South,2025-11-12 09:21:08,41,33
SENS_857,Zone_East,2025-11-06 11:36:23,15,53
SENS_272,Zone_North,2025-11-10 19:25:14,34,71
SENS_350,Zone_North,2025-10-23 17:32:06,45,34
SENS_225,Zone_Center,2025-11-04 09:20:08,25,52
SENS_913,Zone_Center,2025-10-25 23:22:36,70,29
SENS_826,Zone_Center,2025-11-14 22:55:21,27,72
SENS_127,Zone_North,2025-11-13 22:55:16,24,56
SENS_355,Zone_South,2025-11-11 03:11:41,1,48
SENS_871,Zone_Center,2025-11-07 05:42:34,33,66
SENS_455,Zone_South,2025-11-11 14:09:07,94,15
SENS_902,Zone_Center,2025-10-26 23:01:45,54,36
SENS_363,Zone_East,2025-10-29 20:52:24,17,72
SENS_281,Zone_South,2025-11-03 18:06:43,56,45
SENS_483,Zone_Center,2025-11-15 15:58:56,63,36
SENS_269,Zone_Center,2025-10-25 07:23:00,6,69
SENS_148,Zone_East,2025-11-08 04:00:08,60,20
SENS_824,Zone_Center,2025-11-11 12:24:34,5,63
SENS_857,Zone_North,2025-11-20 07:34:33,20,75
SENS_168,Zone_East,2025-11-17 16:12:32,51,42
SENS_212,Zone_West,2025-11-06 22:46:21,24,73
SENS_854,Zone_North,2025-11-13 02:08:53,72,44
SENS_816,Zone_South,2025-10-23 09:55:33,81,16
SENS_559,Zone_North,2025-10-24 14:45:34,67,43
SENS_259,Zone_East,2025-10-31 00:07:55,31,74
SENS_672,Zone_North,2025-11-12 14:39:51,93,11
SENS_873,Zone_North,2025-10-28 16:37:08,96,12
SENS_867,Zone_Center,2025-10-22 05:38:36,100,20
SENS_690,Zone_Center,2025-11-10 12:51:53,43,35
SENS_298,Zone_East,2025-10-31 19:09:52,18,74
SENS_110,Zone_North,2025-11-05 22:02:55,31,45
SENS_944,Zone_Center,2025-11-06 07:34:20,48,28
SENS_527,Zone_South,2025-11-19 00:55:35,84,10
SENS_156,Zone_West,2025-10-26 01:52:02,31,65
SENS_220,Zone_Center,2025-10-27 11:11:03,83,20
SENS_447,Zone_West,2025-10-29 17:56:11,75,44
SENS_405,Zone_North,2025-11-03 04:52:09,15,62
SENS_655,Zone_South,2025-11-16 03:40:11,37,65
SENS_262,Zone_Center,2025-10-28 09:37:45,7,45
SENS_600,Zone_Center,2025-11-19 22:08:20,20,49
SENS_472,Zone_Center,2025-11-11 00:06:46,22,68
SENS_991,Zone_South,2025-11-06 14:11:13,15,55
SENS_788,Zone_South,2025-11-13 00:05:01,65,32
SENS_710,Zone_North,2025-11-14 07:23:46,79,36
SENS_733,Zone_Center,2025-10-28 13:36:36,29,53
SENS_281,Zone_South,2025-11-03 17:46:26,42,23
SENS_732,Zone_North,2025-10-30 12:10:39,52,36
SENS_441,Zone_North,2025-11-19 20:58:43,95,16
SENS_304,Zone_North,2025-11-06 23:43:07,15,70
SENS_100,Zone_North,2025-11-04 18:22:39,80,29
SENS_909,Zone_East,2025-10-31 17:31:12,55,29
SENS_324,Zone_Center,2025-10-26 04:23:30,61,45
SENS_768,Zone_North,2025-11-11 04:59:00,97,10
SENS_980,Zone_Center,2025-11-08 22:20:40,76,45
SENS_900,Zone_Center,2025-10-30 21:58:34,40,68
SENS_487,Zone_Center,2025-11-10 04:30:50,21,62
SENS_410,Zone_East,2025-11-09 09:40:10,55,34
SENS_337,Zone_East,2025-11-18 18:36:47,88,18
SENS_246,Zone_North,2025-11-01 23:36:23,25,57
SENS_808,Zone_South,2025-10-23 02:13:03,89,5
SENS_356,Zone_Center,2025-10-23 04:49:19,14,49
SENS_944,Zone_South,2025-11-18 04:47:40,26,49
SENS_810,Zone_West,2025-11-20 19:05:43,52,28
SENS_909,Zone_West,2025-11-21 12:08:01,20,46
SENS_355,Zone_North,2025-11-02 04:31:23,14,64
SENS_524,Zone_Center,2025-10-26 09:43:30,10,57
SENS_989,Zone_East,2025-11-13 12:49:26,33,51
SENS_675,Zone_East,2025-10-31 17:03:24,36,60
SENS_514,Zone_South,2025-11-03 19:03:34,11,52
SENS_688,Zone_East,2025-10-30 06:40:29,9,57
SENS_967,Zone_North,2025-10-24 12:03:40,84,8
SENS_686,Zone_East,2025-11-10 13:17:58,22,45
SENS_472,Zone_South,2025-11-21 02:05:12,33,79
SENS_763,Zone_North,2025-11-11 21:46:07,38,61
SENS_946,Zone_East,2025-11-20 05:34:05,88,8
SENS_762,Zone_Center,2025-11-03 17:09:56,33,61
SENS_395,Zone_East,2025-10-29 07:57:00,100,18
SENS_499,Zone_North,2025-10-26 09:49:26,17,72
SENS_709,Zone_East,2025-11-08 22:43:04,47,32
SENS_772,Zone_Center,2025-10-30 08:16:03,28,46
SENS_864,Zone_Center,2025-11-18 14:56:45,48,37
SENS_638,Zone_South,2025-10-27 18:46:59,45,39
SENS_675,Zone_West,2025-10-22 18:30:18,33,58
SENS_588,Zone_West,2025-11-16 14:42:19,68,39
SENS_357,Zone_West,2025-11-12 05:03:24,79,23
SENS_319,Zone_South,2025-11-13 02:40:04,46,36
SENS_345,Zone_West,2025-11-15 01:47:07,8,66
SENS_512,Zone_South,2025-10-27 20:08:12,45,29
SENS_864,Zone_West,2025-11-01 23:36:09,33,75
SENS_482,Zone_South,2025-10-31 22:44:29,42,24
SENS_117,Zone_South,2025-10-31 08:03:36,78,28
SENS_641,Zone_East,2025-11-04 00:12:31,96,11
SENS_491,Zone_East,2025-11-05 01:33:36,47,23
SENS_888,Zone_Center,2025-11-15 01:48:27,74,37
SENS_783,Zone_East,2025-11-09 15:12:28,46,37
SENS_543,Zone_North,2025-10-28 09:45:11,45,28
SENS_580,Zone_East,2025-11-12 00:34:15,13,71
SENS_562,Zone_North,2025-11-01 02:46:24,60,42
SENS_190,Zone_North,2025-11-20 05:12:25,39,66
SENS_987,Zone_South,2025-11-01 13:12:47,51,34
SENS_649,Zone_Center,2025-11-04 19:44:26,56,44
SENS_206,Zone_North,2025-10-31 06:41:02,55,40
SENS_947,Zone_North,2025-11-11 09:27:03,31,75
SENS_617,Zone_East,2025-10-30 20:12:22,67,43
SENS_165,Zone_North,2025-11-10 22:01:30,85,14
SENS_575,Zone_West,2025-10-29 04:05:44,46,21
SENS_349,Zone_Center,2025-10-23 11:34:59,26,73
SENS_215,Zone_West,2025-11-05 04:09:33,19,57
SENS_428,Zone_West,2025-11-03 19:04:42,10,71
SENS_511,Zone_South,2025-11-02 12:25:14,97,5
SENS_253,Zone_West,2025-11-21 01:42:34,74,37
SENS_660,Zone_South,2025-11-12 23:29:09,64,40
SENS_151,Zone_East,2025-11-03 03:22:17,8,73
SENS_900,Zone_North,2025-11-09 00:43:09,94,9
SENS_249,Zone_South,2025-11-19 09:11:28,43,25
SENS_167,Zone_South,2025-11-13 07:51:35,35,58
SENS_833,Zone_North,2025-10-26 05:57:10,88,13
SENS_735,Zone_Center,2025-10-22 14:05:02,88,20
SENS_167,Zone_South,2025-11-13 20:20:48,69,34
SENS_278,Zone_West,2025-10-28 13:15:17,59,42
SENS_168,Zone_Center,2025-11-06 18:40:07,30,62
SENS_931,Zone_East,2025-11-10 09:14:41,18,53
SENS_932,Zone_East,2025-11-01 09:18:41,33,64
SENS_658,Zone_East,2025-11-09 16:51:52,77,27
SENS_238,Zone_East,2025-11-11 15:13:46,60,34
SENS_833,Zone_Center,2025-11-20 01:50:37,37,50
SENS_763,Zone_East,2025-11-03 12:35:04,48,20
SENS_928,Zone_West,2025-10-25 15:10:33,16,67
SENS_654,Zone_East,2025-10-26 17:04:06,50,36
SENS_429,Zone_South,2025-11-18 03:00:43,90,11
SENS_341,Zone_Center,2025-10-24 22:30:41,22,56
SENS_355,Zone_Center,2025-10-24 14:46:32,97,13
SENS_363,Zone_Center,2025-11-07 05:52:22,4,63
SENS_864,Zone_West,2025-11-02 11:40:12,34,55
SENS_893,Zone_West,2025-11-13 22:44:09,41,34
SENS_608,Zone_East,2025-11-08 06:51:04,41,24
SENS_138,Zone_East,2025-11-20 12:32:14,91,9
SENS_160,Zone_West,2025-11-20 03:03:03,47,39
SENS_774,Zone_Center,2025-10-24 07:05:06,71,32
SENS_234,Zone_East,2025-10-22 08:18:21,91,11
SENS_567,Zone_East,2025-11-03 09:35:30,78,30
SENS_383,Zone_West,2025-11-15 13:53:38,53,32
SENS_328,Zone_Center,2025-11-21 04:00:49,52,25
SENS_114,Zone_East,2025-11-09 13:53:04,34,76
SENS_558,Zone_West,2025-11-05 18:30:23,68,33
SENS_592,Zone_East,2025-11-10 05:54:54,65,38
SENS_720,Zone_East,2025-11-09 02:11:28,97,17
SENS_549,Zone_North,2025-10-28 12:07:43,8,80
SENS_653,Zone_West,2025-11-18 05:59:42,91,8
SENS_270,Zone_North,2025-10-24 01:58:26,32,74
SENS_537,Zone_West,2025-11-19 06:22:34,50,33
SENS_766,Zone_South,2025-10-30 19:02:37,6,71
SENS_964,Zone_East,2025-11-03 17:19:18,18,57
SENS_160,Zone_North,2025-10-30 07:58:07,26,68
SENS_940,Zone_West,2025-11-15 12:58:02,23,63
SENS_900,Zone_North,2025-11-15 00:15:36,35,60
SENS_976,Zone_East,2025-11-07 13:13:46,41,37
SENS_592,Zone_South,2025-11-13 19:25:06,5,65
SENS_812,Zone_South,2025-10-28 11:45:26,66,32
SENS_108,Zone_South,2025-10-26 10:30:26,52,41
SENS_907,Zone_West,2025-11-06 11:45:41,27,62
SENS_626,Zone_Center,2025-11-16 20:02:54,90,17
SENS_797,Zone_East,2025-11-12 02:27:34,48,23
SENS_339,Zone_Center,2025-10-28 23:15:50,45,44
SENS_975,Zone_West,2025-11-03 17:27:17,84,10
SENS_821,Zone_South,2025-10-27 18:11:27,82,8
SENS_156,Zone_Center,2025-11-06 07:02:43,66,26
SENS_725,Zone_South,2025-10-24 05:30:45,88,6
SENS_712,Zone_North,2025-10-28 07:02:27,21,57
SENS_747,Zone_South,2025-11-15 07:40:57,7,51
SENS_596,Zone_Center,2025-11-04 17:26:58,83,9
SENS_138,Zone_North,2025-11-08 14:10:49,80,31
SENS_251,Zone_East,2025-11-11 23:08:47,98,5
SENS_985,Zone_North,2025-11-04 19:41:31,91,20
SENS_654,Zone_South,2025-11-03 20:43:45,44,32
SENS_652,Zone_East,2025-11-20 20:10:37,14,68
SENS_975,Zone_North,2025-11-03 21:21:36,2,58
SENS_965,Zone_Center,2025-11-16 04:22:36,7,47
SENS_383,Zone_South,2025-11-06 06:44:36,4,76
SENS_468,Zone_West,2025-11-12 05:46:30,21,78
SENS_933,Zone_Center,2025-10-30 02:16:48,68,33
SENS_263,Zone_East,2025-11-06 09:41:38,20,66
SENS_605,Zone_South,2025-11-14 22:26:11,0,76
SENS_392,Zone_Center,2025-10-29 10:17:46,12,79
SENS_905,Zone_South,2025-11-18 01:28:04,5,72
SENS_291,Zone_South,2025-11-12 10:41:06,66,31
SENS_578,Zone_East,2025-10-24 16:04:06,64,21
SENS_851,Zone_Center,2025-10-31 06:10:03,94,13
SENS_989,Zone_North,2025-10-29 07:12:56,33,50
SENS_448,Zone_North,2025-10-24 17:38:07,13,49
SENS_527,Zone_South,2025-11-02 05:52:01,29,49
SENS_714,Zone_South,2025-10-30 23:26:06,70,24
SENS_679,Zone_South,2025-10-23 19:50:33,100,19
SENS_844,Zone_East,2025-11-13 21:56:17,52,26
SENS_373,Zone_Center,2025-11-03 17:14:34,53,27
SENS_304,Zone_West,2025-10-30 00:36:55,39,80
SENS_249,Zone_Center,2025-11-13 18:18:33,58,27
SENS_379,Zone_South,2025-11-12 06:32:15,38,75
SENS_503,Zone_East,2025-10-27 17:14:16,48,21
SENS_975,Zone_North,2025-11-15 02:40:22,86,5
SENS_477,Zone_West,2025-10-24 01:35:08,81,12
SENS_716,Zone_North,2025-11-12 12:28:03,28,60
SENS_462,Zone_South,2025-11-08 09:26:09,86,20
SENS_982,Zone_Center,2025-11-18 07:30:10,88,14
SENS_780,Zone_North,2025-11-14 15:21:30,22,77
SENS_562,Zone_West,2025-11-13 07:23:19,43,24
SENS_749,Zone_South,2025-11-15 00:25:59,98,20
SENS_451,Zone_West,2025-10-27 13:07:16,99,17
SENS_508,Zone_East,2025-10-29 06:33:18,92,19
SENS_769,Zone_North,2025-10-28 02:07:39,65,34
SENS_936,Zone_South,2025-11-08 01:22:42,92,7
SENS_917,Zone_West,2025-10-26 15:05:10,95,18
SENS_948,Zone_North,2025-10-31 23:25:37,84,18
SENS_353,Zone_West,2025-11-04 21:04:46,84,19
SENS_208,Zone_South,2025-10-30 20:32:17,72,36
SENS_426,Zone_South,2025-10-30 06:08:16,39,59
SENS_575,Zone_West,2025-11-15 18:46:56,39,62
SENS_222,Zone_West,2025-11-04 07:53:06,38,62
SENS_423,Zone_West,2025-11-18 10:17:26,4,66
SENS_947,Zone_East,2025-11-19 12:25:25,84,12
SENS_150,Zone_Center,2025-11-01 09:31:10,71,29
SENS_735,Zone_Center,2025-11-19 09:56:31,46,21
SENS_744,Zone_North,2025-10-22 06:52:00,92,10
SENS_708,Zone_Center,2025-11-16 14:54:44,96,10
SENS_706,Zone_Center,2025-11-18 19:04:33,48,24
SENS_442,Zone_South,2025-10-30 20:26:16,93,12
SENS_910,Zone_West,2025-11-11 07:13:23,95,14
SENS_216,Zone_East,2025-10-25 19:34:47,11,48
SENS_982,Zone_Center,2025-11-03 00:51:15,82,20
SENS_933,Zone_Center,2025-11-15 06:24:04,33,46
SENS_781,Zone_Center,2025-10-26 15:56:00,54,29
SENS_188,Zone_North,2025-11-07 00:58:26,97,6
SENS_682,Zone_East,2025-10-23 08:18:29,55,38
SENS_910,Zone_North,2025-11-04 21:16:17,50,32
SENS_288,Zone_North,2025-10-28 00:11:23,42,27
SENS_824,Zone_South,2025-11-10 05:18:03,81,9
SENS_370,Zone_North,2025-11-09 05:17:13,26,52
SENS_893,Zone_South,2025-11-19 17:51:15,75,26
SENS_748,Zone_Center,2025-10-27 05:38:25,5,56
SENS_807,Zone_East,2025-11-06 19:00:34,86,9
SENS_316,Zone_North,2025-10-29 13:13:17,68,27
SENS_984,Zone_Center,2025-10-23 11:42:04,67,23
SENS_806,Zone_North,2025-10-26 00:30:19,92,9
SENS_157,Zone_Center,2025-11-13 10:16:13,30,72
SENS_195,Zone_West,2025-11-14 09:07:54,96,12
SENS_305,Zone_North,2025-11-13 03:04:22,99,13
SENS_796,Zone_West,2025-11-04 03:50:19,79,42
SENS_697,Zone_South,2025-11-19 22:21:29,51,43
SENS_603,Zone_East,2025-10-22 08:49:25,29,53
SENS_686,Zone_Center,2025-11-07 01:52:12,34,80
SENS_709,Zone_North,2025-10-24 05:08:43,8,63
SENS_632,Zone_South,2025-11-21 07:10:03,24,58
SENS_467,Zone_North,2025-11-13 01:57:43,34,77
SENS_972,Zone_West,2025-11-06 20:36:50,1,74
SENS_247,Zone_North,2025-11-18 17:10:39,92,13
SENS_227,Zone_Center,2025-10-28 08:43:44,88,14
SENS_684,Zone_South,2025-11-01 08:19:12,10,61
SENS_876,Zone_Center,2025-10-24 10:46:44,8,65
SENS_190,Zone_West,2025-11-04 19:43:31,44,24
SENS_915,Zone_East,2025-11-06 18:34:52,59,38
SENS_258,Zone_North,2025-10-24 18:45:46,4,69
SENS_618,Zone_North,2025-10-25 12:27:34,57,20
SENS_408,Zone_West,2025-11-17 15:32:35,100,5
SENS_791,Zone_North,2025-11-20 07:46:49,93,14
SENS_650,Zone_West,2025-11-09 14:24:45,69,40
SENS_906,Zone_West,2025-10-26 13:53:23,77,40
SENS_568,Zone_West,2025-11-10 10:45:49,97,12
SENS_840,Zone_North,2025-11-03 11:20:50,27,45
SENS_839,Zone_West,2025-10-30 17:27:27,26,59
SENS_908,Zone_East,2025-11-02 17:46:25,86,19
SENS_699,Zone_South,2025-11-10 10:49:56,3,62
SENS_321,Zone_Center,2025-10-26 09:58:18,86,20
SENS_419,Zone_West,2025-10-23 01:57:29,58,42
SENS_266,Zone_West,2025-11-01 04:39:25,90,15
SENS_759,Zone_West,2025-10-29 23:53:58,34,66
SENS_936,Zone_West,2025-11-09 22:41:55,71,36
SENS_398,Zone_West,2025-11-10 14:53:08,36,63
SENS_752,Zone_Center,2025-11-04 22:02:03,32,50
SENS_880,Zone_North,2025-10-29 13:38:23,37,72
SENS_329,Zone_North,2025-10-27 22:34:17,27,57
SENS_372,Zone_West,2025-11-05 13:53:31,96,18
SENS_796,Zone_North,2025-11-14 21:56:09,5,49
SENS_196,Zone_South,2025-11-12 01:47:38,74,20
SENS_704,Zone_South,2025-11-06 03:21:15,62,21
SENS_119,Zone_Center,2025-11-20 09:12:15,86,14
SENS_378,Zone_South,2025-10-28 11:01:12,43,45
SENS_708,Zone_East,2025-11-08 12:22:36,97,5
SENS_103,Zone_North,2025-10-26 18:02:16,38,64
SENS_935,Zone_West,2025-11-08 22:10:41,18,67
SENS_883,Zone_North,2025-11-15 23:20:39,31,60
SENS_404,Zone_South,2025-10-31 18:55:36,10,54
SENS_838,Zone_East,2025-11-14 20:30:43,0,50
SENS_415,Zone_East,2025-11-12 17:02:16,16,78
SENS_381,Zone_North,2025-11-09 22:13:01,90,8
SENS_514,Zone_South,2025-11-14 05:09:08,89,11
SENS_701,Zone_West,2025-11-04 02:51:40,24,48
SENS_384,Zone_West,2025-11-18 10:04:08,0,55
SENS_796,Zone_North,2025-11-20 05:30:27,98,8
SENS_408,Zone_South,2025-11-11 14:58:22,43,45
SENS_482,Zone_East,2025-10-26 11:10:35,60,32
SENS_696,Zone_Center,2025-11-11 14:21:01,0,76
SENS_253,Zone_North,2025-11-08 23:05:09,33,67
SENS_942,Zone_Center,2025-11-20 21:16:04,88,20
SENS_395,Zone_West,2025-10-31 03:10:49,100,19
SENS_591,Zone_North,2025-11-12 03:49:48,96,14
SENS_586,Zone_Center,2025-11-11 18:24:21,50,45
SENS_227,Zone_North,2025-10-26 14:21:05,78,40
SENS_708,Zone_East,2025-10-24 01:10:25,74,31
SENS_209,Zone_Center,2025-11-16 00:08:46,26,61
SENS_264,Zone_South,2025-11-07 16:13:17,55,27
SENS_940,Zone_South,2025-11-13 14:06:20,40,54
SENS_509,Zone_West,2025-11-01 23:18:25,0,50
SENS_847,Zone_East,2025-10-29 14:43:45,30,47
SENS_722,Zone_West,2025-11-15 03:09:08,24,75
SENS_643,Zone_East,2025-11-16 16:23:03,26,79
SENS_890,Zone_West,2025-11-16 13:21:14,74,23
SENS_136,Zone_South,2025-10-26 03:53:32,45,23
SENS_121,Zone_North,2025-11-05 04:45:12,17,60
SENS_268,Zone_North,2025-11-13 19:34:29,22,60
SENS_846,Zone_West,2025-11-12 07:36:58,67,33
SENS_868,Zone_East,2025-10-25 22:18:54,17,69
SENS_171,Zone_East,2025-11-14 06:31:03,33,68
SENS_475,Zone_South,2025-11-05 16:02:36,35,75
SENS_676,Zone_North,2025-10-29 07:11:56,17,74
SENS_747,Zone_Center,2025-10-28 06:56:45,27,58
SENS_534,Zone_South,2025-11-05 16:03:41,82,11
SENS_615,Zone_South,2025-11-03 03:45:44,85,19
SENS_207,Zone_Center,2025-11-16 11:30:23,70,23
SENS_616,Zone_North,2025-11-11 20:24:13,92,7
SENS_201,Zone_West,2025-11-05 10:19:15,19,54
SENS_439,Zone_East,2025-11-18 16:27:07,61,29
SENS_404,Zone_North,2025-10-24 09:40:02,72,30
SENS_410,Zone_North,2025-11-17 20:00:53,20,53
SENS_789,Zone_South,2025-10-25 19:13:36,12,74
SENS_497,Zone_West,2025-10-24 06:35:57,62,36
SENS_379,Zone_South,2025-11-16 00:13:52,15,65
SENS_162,Zone_West,2025-10-27 07:27:38,55,23
SENS_476,Zone_East,2025-11-15 21:00:43,68,24
SENS_630,Zone_West,2025-11-11 17:07:12,27,69
SENS_901,Zone_East,2025-11-11 03:15:44,38,77
SENS_274,Zone_Center,2025-10-26 16:08:32,79,20
SENS_984,Zone_North,2025-11-13 15:25:26,13,49
SENS_487,Zone_North,2025-11-18 16:23:06,7,51
SENS_819,Zone_West,2025-11-03 09:16:10,15,69
SENS_248,Zone_West,2025-11-08 08:11:53,55,43
SENS_691,Zone_South,2025-11-03 10:59:37,11,47
SENS_330,Zone_East,2025-11-19 12:17:45,24,79
SENS_822,Zone_West,2025-10-26 01:19:42,1,68
SENS_776,Zone_North,2025-11-15 12:36:55,10,69
SENS_545,Zone_North,2025-10-22 21:00:51,31,69
SENS_421,Zone_South,2025-10-27 14:48:16,19,60
SENS_922,Zone_Center,2025-11-13 13:21:11,34,58
SENS_542,Zone_West,2025-10-30 19:15:12,75,34
SENS_331,Zone_East,2025-10-30 22:20:52,2,78
SENS_980,Zone_West,2025-11-10 03:53:18,97,9
SENS_733,Zone_West,2025-10-24 06:47:24,34,57
SENS_621,Zone_West,2025-10-26 03:06:01,25,71
SENS_394,Zone_West,2025-11-11 07:01:41,70,38
SENS_969,Zone_West,2025-11-05 12:50:40,62,44
SENS_521,Zone_West,2025-11-06 07:50:02,54,44
SENS_288,Zone_North,2025-11-19 14:12:26,51,29
SENS_985,Zone_North,2025-11-13 04:10:16,31,51
SENS_887,Zone_West,2025-11-12 22:17:14,85,20
SENS_790,Zone_East,2025-11-21 08:51:06,6,79
SENS_115,Zone_Center,2025-11-03 22:53:38,42,41
SENS_940,Zone_South,2025-11-07 15:44:36,63,38
SENS_121,Zone_North,2025-10-31 04:09:15,21,54
SENS_825,Zone_East,2025-11-01 07:58:20,89,20
SENS_726,Zone_North,2025-10-31 01:42:08,53,30
SENS_144,Zone_South,2025-10-25 21:11:36,18,69
SENS_947,Zone_East,2025-11-20 09:49:57,20,55
SENS_652,Zone_West,2025-11-03 16:11:13,38,57
SENS_788,Zone_Center,2025-10-27 05:56:39,38,50
SENS_307,Zone_North,2025-11-12 03:28:20,66,42
SENS_428,Zone_West,2025-11-17 00:39:11,81,20
SENS_181,Zone_South,2025-10-22 22:55:57,43,33
SENS_927,Zone_North,2025-10-22 08:52:20,45,42
SENS_645,Zone_South,2025-11-10 06:11:28,53,35
SENS_700,Zone_South,2025-10-27 18:00:00,91,9
SENS_361,Zone_North,2025-10-22 17:33:39,97,12
SENS_533,Zone_West,2025-10-30 10:08:46,10,67
SENS_206,Zone_West,2025-11-14 05:56:41,65,31
SENS_774,Zone_North,2025-11-13 10:11:19,55,29
SENS_644,Zone_West,2025-11-10 18:01:33,84,10
SENS_789,Zone_South,2025-11-20 07:18:34,59,22
SENS_885,Zone_South,2025-11-14 17:07:58,43,41
SENS_808,Zone_East,2025-11-05 18:50:51,65,20
SENS_658,Zone_Center,2025-11-21 02:39:50,47,24
SENS_959,Zone_East,2025-11-21 00:37:11,93,12
SENS_783,Zone_South,2025-11-08 14:20:22,71,28
SENS_947,Zone_West,2025-11-10 06:15:54,68,40
SENS_235,Zone_West,2025-11-05 18:40:50,86,6
SENS_169,Zone_West,2025-10-26 08:09:44,43,20
SENS_552,Zone_North,2025-10-28 03:47:59,72,31
SENS_869,Zone_South,2025-10-28 15:28:44,65,22
SENS_164,Zone_South,2025-10-22 18:13:35,0,77
SENS_984,Zone_South,2025-10-31 08:21:37,41,34
SENS_414,Zone_North,2025-10-27 12:26:51,5,46
SENS_610,Zone_East,2025-10-22 20:34:03,0,77
SENS_494,Zone_West,2025-10-31 05:21:12,56,40
SENS_922,Zone_West,2025-10-23 09:18:07,70,41
SENS_137,Zone_South,2025-11-01 05:49:48,7,80
SENS_580,Zone_East,2025-11-14 10:36:07,45,26
SENS_802,Zone_Center,2025-10-29 03:10:36,43,35
SENS_592,Zone_Center,2025-11-02 19:45:15,26,56
SENS_785,Zone_South,2025-11-12 05:47:25,10,80
SENS_436,Zone_West,2025-11-21 11:28:18,40,48
SENS_619,Zone_West,2025-11-17 05:33:14,43,30
SENS_313,Zone_West,2025-10-31 08:29:29,21,62
SENS_663,Zone_East,2025-10-26 06:21:58,16,57
SENS_177,Zone_Center,2025-11-05 16:39:17,24,71
SENS_965,Zone_East,2025-11-13 13:59:23,4,73
SENS_508,Zone_South,2025-10-29 06:41:07,72,33
SENS_275,Zone_Center,2025-11-14 02:17:50,26,71
SENS_578,Zone_South,2025-11-11 13:35:05,67,36
SENS_825,Zone_East,2025-10-23 03:28:42,92,12
SENS_961,Zone_East,2025-10-27 17:44:39,42,38
SENS_574,Zone_West,2025-10-30 03:35:12,1,46
SENS_242,Zone_West,2025-10-29 11:38:41,19,52
SENS_997,Zone_Center,2025-11-12 16:49:56,9,67
SENS_670,Zone_East,2025-11-14 15:10:49,72,26
SENS_665,Zone_East,2025-11-13 23:23:05,7,49
SENS_999,Zone_Center,2025-10-23 00:55:40,46,23
SENS_429,Zone_Center,2025-11-12 21:47:03,36,77
SENS_726,Zone_West,2025-11-19 11:53:52,21,72
SENS_167,Zone_East,2025-11-02 20:44:38,34,74
SENS_275,Zone_East,2025-10-31 20:38:10,98,13
SENS_430,Zone_South,2025-11-05 09:33:48,38,58
SENS_622,Zone_West,2025-11-18 17:29:40,78,39
SENS_966,Zone_North,2025-11-10 02:27:44,60,40
SENS_433,Zone_East,2025-10-24 13:23:19,97,5
SENS_309,Zone_West,2025-11-07 07:01:24,27,56
SENS_114,Zone_East,2025-10-22 11:14:03,66,32
SENS_381,Zone_Center,2025-10-27 01:40:18,46,21
SENS_446,Zone_North,2025-11-12 01:07:45,60,23
SENS_105,Zone_North,2025-11-11 06:22:09,56,39
SENS_603,Zone_Center,2025-11-15 03:35:45,78,41
SENS_224,Zone_West,2025-11-19 04:14:57,11,61
SENS_404,Zone_South,2025-11-20 00:15:48,95,15
SENS_335,Zone_East,2025-11-17 23:52:17,31,48
SENS_741,Zone_North,2025-11-05 04:50:12,42,28
SENS_123,Zone_South,2025-10-23 21:11:17,68,33
SENS_165,Zone_Center,2025-11-14 18:02:04,59,37
SENS_280,Zone_West,2025-11-10 11:43:16,5,73
SENS_992,Zone_South,2025-11-14 16:24:31,42,43
SENS_629,Zone_Center,2025-11-16 00:09:45,84,5
SENS_207,Zone_South,2025-11-19 18:40:14,71,27
SENS_637,Zone_West,2025-11-20 18:30:13,39,60
SENS_262,Zone_West,2025-11-14 18:30:23,13,67
SENS_483,Zone_North,2025-11-02 08:14:59,68,21
SENS_490,Zone_South,2025-10-25 00:47:09,61,28
SENS_541,Zone_West,2025-11-16 17:35:03,89,17
SENS_540,Zone_West,2025-10-23 00:13:10,0,75
SENS_252,Zone_East,2025-11-11 13:43:51,30,50
SENS_704,Zone_East,2025-11-19 01:37:06,39,53
SENS_267,Zone_South,2025-11-06 10:03:07,55,25
SENS_436,Zone_West,2025-11-17 22:38:58,51,38
SENS_454,Zone_West,2025-10-25 04:03:18,29,56
SENS_397,Zone_East,2025-11-04 02:07:35,0,49
SENS_130,Zone_South,2025-11-11 08:03:37,3,58
SENS_227,Zone_West,2025-11-14 01:32:19,99,14
SENS_373,Zone_Center,2025-10-27 18:18:21,40,75
SENS_339,Zone_South,2025-11-15 02:31:50,70,20
SENS_588,Zone_East,2025-11-21 07:33:15,66,33
SENS_122,Zone_North,2025-11-07 22:04:10,78,23
SENS_575,Zone_East,2025-11-12 20:23:48,18,68
SENS_873,Zone_Center,2025-11-12 06:18:17,100,15
SENS_231,Zone_North,2025-10-23 02:18:06,12,80
SENS_530,Zone_West,2025-10-29 22:01:37,21,73
SENS_136,Zone_East,2025-11-05 01:37:00,29,61
SENS_727,Zone_North,2025-10-31 09:59:26,87,18
SENS_775,Zone_East,2025-11-13 20:45:53,26,56
SENS_707,Zone_South,2025-11-07 18:40:16,79,44
SENS_475,Zone_West,2025-11-12 08:29:45,31,45
SENS_514,Zone_East,2025-11-02 08:28:47,25,57
SENS_319,Zone_West,2025-11-15 17:29:55,70,24
SENS_456,Zone_East,2025-11-01 18:01:54,0,60
SENS_752,Zone_North,2025-11-19 14:43:55,15,80
SENS_181,Zone_North,2025-11-07 13:12:06,28,58
SENS_802,Zone_Center,2025-11-20 07:33:26,32,79
SENS_220,Zone_South,2025-11-13 19:51:50,86,9
SENS_547,Zone_East,2025-10-28 10:52:14,99,14
SENS_338,Zone_South,2025-11-05 07:53:19,34,46
SENS_611,Zone_East,2025-11-10 00:52:31,16,51
SENS_396,Zone_Center,2025-11-11 07:44:18,83,20
SENS_852,Zone_East,2025-11-08 13:47:17,38,77
SENS_311,Zone_Center,2025-11-14 00:21:29,10,52
SENS_686,Zone_East,2025-10-29 22:50:01,15,54
SENS_101,Zone_West,2025-11-21 06:33:31,84,9
SENS_492,Zone_Center,2025-11-01 03:28:31,24,57
SENS_601,Zone_West,2025-11-04 19:08:47,17,74
SENS_190,Zone_East,2025-10-26 06:28:51,8,69
SENS_359,Zone_West,2025-11-14 12:40:02,61,43
SENS_367,Zone_Center,2025-10-28 08:28:06,59,27
SENS_348,Zone_West,2025-10-30 11:57:31,49,45
SENS_693,Zone_West,2025-10-31 18:28:33,30,67
SENS_461,Zone_Center,2025-10-29 16:10:44,15,52
SENS_550,Zone_East,2025-11-20 11:48:31,11,75
SENS_806,Zone_Center,2025-11-14 23:29:52,77,44
SENS_742,Zone_West,2025-10-26 23:37:16,81,16
SENS_263,Zone_North,2025-11-11 06:43:00,36,54
SENS_724,Zone_West,2025-11-15 01:17:29,71,42
SENS_554,Zone_East,2025-11-05 19:50:24,37,61
SENS_389,Zone_South,2025-11-02 11:31:38,91,17
SENS_930,Zone_Center,2025-11-01 06:04:01,10,48
SENS_951,Zone_North,2025-11-18 02:48:52,52,38
SENS_970,Zone_Center,2025-10-24 08:52:35,82,9
SENS_681,Zone_West,2025-10-22 23:11:01,81,7
SENS_674,Zone_South,2025-11-08 12:04:36,34,62
SENS_300,Zone_South,2025-11-03 17:55:24,48,27
SENS_145,Zone_West,2025-11-08 10:02:46,36,55
SENS_845,Zone_North,2025-10-29 18:50:55,82,20
SENS_495,Zone_North,2025-10-30 13:37:02,2,62
SENS_219,Zone_West,2025-11-15 12:39:19,36,70
SENS_678,Zone_West,2025-10-23 15:18:27,33,73
SENS_194,Zone_South,2025-10-25 04:14:08,19,80
SENS_502,Zone_Center,2025-11-07 11:32:58,96,17
SENS_529,Zone_West,2025-11-11 23:46:09,20,63
SENS_405,Zone_East,2025-10-27 14:50:37,13,63
SENS_942,Zone_East,2025-11-21 01:34:22,82,14
SENS_535,Zone_North,2025-11-02 02:10:23,8,73
SENS_115,Zone_South,2025-10-27 22:40:18,20,73
SENS_704,Zone_South,2025-11-18 08:48:57,58,26
SENS_726,Zone_Center,2025-11-01 23:09:01,93,9
SENS_372,Zone_East,2025-11-14 16:42:59,77,37
SENS_178,Zone_West,2025-11-03 14:26:40,24,55
SENS_557,Zone_Center,2025-11-07 14:33:59,99,10
SENS_937,Zone_East,2025-11-08 07:56:44,95,14
SENS_543,Zone_East,2025-10-24 08:26:30,31,53
SENS_500,Zone_West,2025-11-18 03:02:17,45,26
SENS_294,Zone_South,2025-11-04 01:42:35,29,63
SENS_505,Zone_East,2025-10-29 10:11:44,70,39
SENS_599,Zone_South,2025-11-16 02:31:47,33,77
SENS_464,Zone_North,2025-11-20 10:06:29,74,27
SENS_701,Zone_South,2025-10-27 03:23:39,31,78
SENS_969,Zone_East,2025-10-24 12:48:21,52,26
SENS_592,Zone_East,2025-11-12 08:09:54,89,10
SENS_566,Zone_North,2025-11-13 06:39:41,43,23
SENS_288,Zone_North,2025-10-27 11:18:13,54,34
SENS_311,Zone_Center,2025-10-27 05:25:58,100,8
SENS_982,Zone_Center,2025-11-20 17:25:42,83,10
SENS_540,Zone_North,2025-11-20 16:21:37,60,43
SENS_972,Zone_West,2025-10-27 00:44:41,54,28
SENS_235,Zone_North,2025-11-18 09:23:18,88,20
SENS_252,Zone_Center,2025-10-24 02:57:28,44,26
SENS_383,Zone_North,2025-11-15 17:06:50,15,61
SENS_903,Zone_West,2025-10-27 04:52:22,65,32
SENS_264,Zone_North,2025-10-30 04:40:58,70,43
SENS_542,Zone_South,2025-10-27 19:36:32,83,10
SENS_730,Zone_Center,2025-11-01 01:21:08,21,56
SENS_752,Zone_North,2025-11-08 15:23:57,16,63
SENS_737,Zone_East,2025-10-29 17:00:58,32,69
SENS_527,Zone_West,2025-11-05 06:24:28,84,9
SENS_335,Zone_South,2025-11-12 12:27:56,35,50
SENS_691,Zone_South,2025-11-15 15:28:20,36,56
SENS_558,Zone_West,2025-11-15 06:43:39,46,44
SENS_807,Zone_East,2025-10-26 21:44:46,73,41
SENS_688,Zone_South,2025-10-29 13:49:39,45,37
SENS_443,Zone_West,2025-11-08 17:50:39,33,61
SENS_784,Zone_Center,2025-11-07 07:54:21,42,21
SENS_385,Zone_East,2025-10-28 18:34:35,56,31
SENS_640,Zone_North,2025-10-28 01:20:46,55,42
SENS_328,Zone_West,2025-10-31 21:16:45,58,40
SENS_829,Zone_North,2025-11-12 09:39:30,7,72
SENS_511,Zone_North,2025-11-11 06:26:37,45,40
SENS_382,Zone_North,2025-10-22 09:44:06,5,61
SENS_626,Zone_South,2025-11-02 23:52:26,59,32
SENS_539,Zone_South,2025-11-14 01:55:04,40,64
SENS_715,Zone_Center,2025-11-07 15:43:36,54,30
SENS_279,Zone_North,2025-11-05 00:09:27,88,8
SENS_672,Zone_Center,2025-11-15 14:27:14,76,22
SENS_538,Zone_East,2025-10-30 09:35:40,27,66
SENS_491,Zone_West,2025-10-26 05:21:52,3,79
SENS_498,Zone_East,2025-11-03 23:59:26,21,47
SENS_782,Zone_North,2025-11-09 03:58:47,13,65
SENS_589,Zone_North,2025-11-11 05:34:48,58,45
SENS_209,Zone_South,2025-11-08 14:14:24,32,49
SENS_167,Zone_North,2025-11-03 00:01:53,99,6
SENS_468,Zone_East,2025-10-29 10:41:59,11,73
SENS_474,Zone_North,2025-11-16 19:08:50,88,7
SENS_827,Zone_South,2025-11-11 13:24:07,11,53
SENS_990,Zone_West,2025-11-02 03:54:40,47,36
SENS_723,Zone_North,2025-10-28 18:50:06,25,73
SENS_238,Zone_North,2025-11-11 21:40:29,73,30
SENS_847,Zone_West,2025-11-11 03:43:00,49,44
SENS_953,Zone_South,2025-11-10 22:56:23,73,27
SENS_578,Zone_North,2025-11-13 08:32:45,87,10
SENS_824,Zone_East,2025-11-16 03:25:28,3,73
SENS_885,Zone_South,2025-11-08 15:33:27,24,80
SENS_600,Zone_Center,2025-10-23 12:44:10,63,39
SENS_945,Zone_East,2025-11-12 13:42:05,74,23
SENS_252,Zone_Center,2025-10-29 03:40:40,95,17
SENS_988,Zone_East,2025-10-22 13:39:03,70,35
SENS_754,Zone_Center,2025-11-16 04:48:53,82,8
SENS_839,Zone_South,2025-10-25 11:07:40,87,13
SENS_231,Zone_South,2025-10-26 04:50:01,65,29
SENS_202,Zone_West,2025-11-07 12:12:44,2,56
SENS_680,Zone_North,2025-11-06 08:50:02,41,44
SENS_531,Zone_North,2025-11-10 14:01:01,75,30
SENS_641,Zone_North,2025-10-30 01:30:43,47,21
SENS_430,Zone_East,2025-11-12 03:47:27,69,34
SENS_705,Zone_Center,2025-10-25 01:40:32,94,9
SENS_989,Zone_West,2025-11-10 04:14:54,10,65
SENS_543,Zone_South,2025-10-23 21:16:38,22,72
SENS_663,Zone_Center,2025-10-29 09:55:54,48,26
SENS_469,Zone_East,2025-11-18 23:28:03,7,70
SENS_730,Zone_South,2025-10-24 21:24:47,30,63
SENS_614,Zone_North,2025-11-16 07:38:44,93,17
SENS_886,Zone_Center,2025-11-05 10:36:14,62,42
SENS_884,Zone_West,2025-11-11 10:35:09,14,80
SENS_417,Zone_West,2025-11-10 14:25:38,26,70
SENS_875,Zone_South,2025-11-17 23:03:46,69,28
SENS_296,Zone_West,2025-11-05 20:37:19,35,78
SENS_450,Zone_North,2025-11-06 07:32:29,1,68
SENS_311,Zone_Center,2025-11-07 19:01:56,69,25
SENS_294,Zone_North,2025-10-22 11:16:00,46,35
SENS_671,Zone_South,2025-11-04 16:01:41,70,45
SENS_927,Zone_North,2025-11-16 16:58:54,28,55
SENS_722,Zone_East,2025-11-20 17:13:43,96,9
SENS_848,Zone_Center,2025-10-29 05:09:59,13,45
SENS_639,Zone_West,2025-11-10 16:40:55,26,75
SENS_635,Zone_Center,2025-11-12 17:54:28,94,8
SENS_447,Zone_South,2025-11-01 01:03:28,30,76
SENS_795,Zone_North,2025-11-17 12:21:41,73,34
SENS_357,Zone_Center,2025-11-21 09:29:30,56,30
SENS_815,Zone_East,2025-11-21 02:18:02,95,18
SENS_564,Zone_Center,2025-11-12 13:11:41,56,35
SENS_741,Zone_North,2025-11-07 20:18:22,19,46
SENS_239,Zone_South,2025-11-10 17:20:35,47,25
SENS_622,Zone_West,2025-10-31 15:55:34,11,47
SENS_462,Zone_South,2025-11-05 17:22:10,21,72
SENS_687,Zone_North,2025-10-26 04:15:15,22,75
SENS_826,Zone_Center,2025-10-23 21:08:00,76,45
SENS_363,Zone_East,2025-11-17 04:12:55,28,76
SENS_954,Zone_South,2025-11-07 07:46:21,48,32
SENS_975,Zone_South,2025-11-10 00:26:07,40,80
SENS_726,Zone_North,2025-10-28 04:52:01,17,46
SENS_561,Zone_East,2025-11-16 08:27:04,48,34
SENS_772,Zone_East,2025-11-17 08:07:34,63,33
SENS_264,Zone_North,2025-11-04 20:51:35,17,72
SENS_914,Zone_Center,2025-11-01 11:04:43,81,12
SENS_588,Zone_South,2025-10-26 14:12:09,7,57
SENS_233,Zone_North,2025-11-15 22:12:02,62,30
SENS_432,Zone_Center,2025-11-17 20:56:13,4,80
SENS_813,Zone_East,2025-11-06 05:51:37,3,65
SENS_898,Zone_North,2025-11-16 09:27:37,71,20
SENS_389,Zone_Center,2025-11-07 15:00:52,1,69
SENS_797,Zone_South,2025-10-29 20:30:19,85,10
SENS_273,Zone_South,2025-10-23 05:20:53,30,74
SENS_511,Zone_West,2025-10-23 10:33:20,8,49
SENS_773,Zone_North,2025-11-17 07:07:37,85,14
SENS_274,Zone_South,2025-11-19 20:22:36,82,14
SENS_781,Zone_South,2025-11-03 15:27:21,20,46
SENS_499,Zone_Center,2025-11-02 19:14:28,68,42
SENS_919,Zone_South,2025-11-05 20:10:41,8,49
SENS_651,Zone_Center,2025-11-11 14:35:40,46,37
SENS_544,Zone_West,2025-11-15 14:44:51,63,45
SENS_115,Zone_East,2025-10-27 10:44:02,63,45
SENS_818,Zone_East,2025-10-24 23:54:06,58,30
SENS_281,Zone_North,2025-11-09 04:36:42,20,78
SENS_463,Zone_West,2025-11-03 16:41:53,38,56
SENS_224,Zone_East,2025-11-15 17:20:22,36,76
SENS_477,Zone_Center,2025-11-08 07:03:04,97,19
SENS_327,Zone_East,2025-10-28 02:18:45,10,60
SENS_212,Zone_North,2025-10-24 09:40:22,21,80
SENS_184,Zone_Center,2025-10-28 03:24:14,3,63
SENS_764,Zone_Center,2025-11-12 20:52:34,60,24
SENS_436,Zone_East,2025-11-05 13:12:35,35,78
SENS_664,Zone_West,2025-11-18 20:59:43,21,67
SENS_168,Zone_North,2025-10-22 08:08:02,5,80
SENS_714,Zone_South,2025-11-13 02:00:52,17,51
SENS_487,Zone_West,2025-11-07 13:00:02,15,56
SENS_101,Zone_North,2025-11-02 13:07:59,41,34
SENS_316,Zone_East,2025-11-19 07:39:57,18,68
SENS_639,Zone_Center,2025-11-18 13:01:42,31,47
SENS_286,Zone_West,2025-11-16 23:23:10,88,14
SENS_798,Zone_East,2025-11-19 23:55:29,8,51
SENS_724,Zone_West,2025-11-02 10:30:03,41,44
SENS_369,Zone_North,2025-11-08 02:13:56,2,80
SENS_628,Zone_Center,2025-11-05 14:39:18,34,49
SENS_705,Zone_West,2025-11-04 21:34:04,2,57
SENS_727,Zone_Center,2025-11-18 21:22:49,21,63
SENS_601,Zone_Center,2025-10-28 21:08:18,39,70
SENS_395,Zone_South,2025-11-09 10:04:20,11,51
SENS_671,Zone_West,2025-11-16 07:30:55,74,26
SENS_227,Zone_North,2025-11-03 02:34:25,86,18
SENS_827,Zone_West,2025-10-27 04:39:29,58,34
SENS_764,Zone_North,2025-11-07 00:01:45,82,8
SENS_937,Zone_South,2025-11-16 03:46:11,11,64
SENS_957,Zone_North,2025-11-19 08:34:08,55,45
SENS_451,Zone_East,2025-10-31 10:24:11,10,47
SENS_318,Zone_East,2025-11-08 14:58:01,47,45
SENS_188,Zone_West,2025-11-13 03:22:08,74,31
SENS_649,Zone_South,2025-10-26 20:13:26,49,21
SENS_671,Zone_North,2025-10-29 04:48:24,67,23
SENS_683,Zone_North,2025-11-11 18:01:38,7,73
SENS_264,Zone_North,2025-11-11 02:08:11,21,79
SENS_301,Zone_West,2025-10-26 01:32:07,40,52
SENS_353,Zone_West,2025-10-26 13:32:14,90,8
SENS_948,Zone_North,2025-10-25 02:31:15,48,32
SENS_306,Zone_North,2025-11-11 17:05:20,96,5
SENS_907,Zone_South,2025-10-28 09:35:41,20,80
SENS_131,Zone_Center,2025-11-14 04:56:06,73,45
SENS_191,Zone_East,2025-11-01 12:18:07,51,34
SENS_839,Zone_Center,2025-11-12 17:52:43,13,50
SENS_661,Zone_East,2025-10-25 21:01:16,83,14
SENS_578,Zone_Center,2025-11-09 00:19:08,77,30
SENS_504,Zone_East,2025-11-16 15:11:31,1,62
SENS_291,Zone_South,2025-11-10 15:18:07,85,10
SENS_443,Zone_West,2025-11-19 15:24:31,13,53
SENS_582,Zone_Center,2025-11-18 05:18:19,27,48
SENS_556,Zone_North,2025-11-16 06:40:29,65,22
SENS_362,Zone_Center,2025-11-10 06:00:53,11,72
SENS_538,Zone_East,2025-11-03 21:17:07,46,43
SENS_823,Zone_East,2025-11-19 10:49:23,60,27
SENS_388,Zone_East,2025-11-15 07:14:09,33,69
SENS_580,Zone_East,2025-11-11 15:22:57,79,44
SENS_859,Zone_South,2025-11-12 10:47:25,38,48
SENS_871,Zone_North,2025-11-14 20:25:00,66,45
SENS_218,Zone_South,2025-11-11 07:48:35,1,80
SENS_145,Zone_West,2025-10-29 23:47:08,11,69
SENS_414,Zone_West,2025-10-29 02:14:07,13,59
SENS_446,Zone_Center,2025-11-15 15:20:35,57,36
SENS_129,Zone_North,2025-10-28 06:10:12,70,41
SENS_805,Zone_East,2025-11-14 14:51:05,70,39
SENS_326,Zone_East,2025-11-13 07:20:02,80,45
SENS_514,Zone_East,2025-10-28 08:48:16,39,50
SENS_569,Zone_North,2025-11-15 23:57:51,72,45
SENS_669,Zone_North,2025-11-16 18:33:14,5,62
SENS_402,Zone_West,2025-10-27 19:36:27,38,74
SENS_378,Zone_West,2025-11-01 09:48:23,92,12
SENS_446,Zone_Center,2025-11-13 04:40:37,38,71
SENS_773,Zone_West,2025-11-14 01:33:33,91,5
SENS_303,Zone_East,2025-10-23 16:03:01,87,8
SENS_279,Zone_Center,2025-10-29 16:47:29,40,64
SENS_962,Zone_Center,2025-11-18 05:22:23,87,9
SENS_371,Zone_West,2025-11-09 00:21:46,13,77
SENS_250,Zone_East,2025-10-27 20:25:56,49,39
SENS_959,Zone_East,2025-11-20 06:58:30,44,24
SENS_773,Zone_East,2025-11-10 22:08:11,17,77
SENS_754,Zone_Center,2025-10-27 10:36:39,81,10
SENS_139,Zone_North,2025-10-27 22:52:46,33,51
SENS_692,Zone_East,2025-11-09 00:39:31,50,34
SENS_174,Zone_South,2025-11-18 20:12:51,93,12
SENS_112,Zone_East,2025-11-05 03:27:26,48,30
SENS_427,Zone_East,2025-10-24 00:59:31,21,76
SENS_884,Zone_South,2025-11-16 11:08:23,38,61
SENS_997,Zone_East,2025-10-29 12:40:21,62,40
SENS_127,Zone_South,2025-10-27 19:14:22,59,25
SENS_568,Zone_West,2025-11-09 02:51:03,97,10
SENS_789,Zone_Center,2025-11-05 21:19:22,21,48
SENS_656,Zone_East,2025-11-09 06:20:14,74,22
SENS_410,Zone_East,2025-11-05 19:23:00,78,39
SENS_807,Zone_East,2025-11-05 08:34:22,85,19
SENS_789,Zone_Center,2025-11-14 16:12:15,96,12
SENS_941,Zone_North,2025-10-23 10:39:23,33,74
SENS_505,Zone_North,2025-10-29 00:30:53,29,65
SENS_810,Zone_East,2025-10-28 23:39:53,66,39
SENS_555,Zone_Center,2025-11-19 17:01:19,93,14
SENS_789,Zone_East,2025-11-11 13:26:32,0,55
SENS_479,Zone_South,2025-10-24 10:44:33,39,67
SENS_216,Zone_West,2025-11-05 21:36:06,13,72
SENS_628,Zone_South,2025-11-04 20:20:26,47,40
SENS_889,Zone_South,2025-11-01 13:13:50,0,58
SENS_273,Zone_East,2025-10-30 23:21:37,63,41
SENS_456,Zone_West,2025-11-14 19:32:45,43,39
SENS_943,Zone_Center,2025-10-22 04:29:24,27,48
SENS_532,Zone_South,2025-10-28 00:34:56,63,20
SENS_187,Zone_Center,2025-11-17 15:59:13,70,30
SENS_944,Zone_North,2025-11-08 00:15:55,96,13
SENS_951,Zone_North,2025-10-25 08:46:42,0,66
SENS_191,Zone_East,2025-10-24 06:07:07,52,40
SENS_376,Zone_East,2025-11-11 08:34:13,8,70
SENS_512,Zone_Center,2025-11-14 10:40:16,25,56
SENS_928,Zone_Center,2025-11-18 21:43:20,43,29
SENS_143,Zone_West,2025-11-06 02:53:19,43,25
SENS_342,Zone_North,2025-11-18 13:13:22,23,52
SENS_740,Zone_South,2025-11-13 01:06:51,46,22
SENS_270,Zone_South,2025-11-07 11:39:09,65,42
SENS_131,Zone_Center,2025-11-09 09:39:10,37,80
SENS_286,Zone_Center,2025-11-14 03:44:24,33,57
SENS_645,Zone_North,2025-11-20 11:45:46,54,22
SENS_285,Zone_North,2025-10-28 12:47:39,26,53
SENS_538,Zone_West,2025-10-28 19:27:00,38,48
SENS_247,Zone_East,2025-11-15 14:09:09,33,69
SENS_849,Zone_South,2025-11-13 11:05:22,17,47
SENS_677,Zone_South,2025-11-12 22:15:56,85,6
SENS_279,Zone_North,2025-11-12 21:16:11,71,26
SENS_952,Zone_Center,2025-10-29 07:38:14,19,75
SENS_298,Zone_West,2025-11-06 20:57:51,89,15
SENS_712,Zone_North,2025-10-26 10:07:10,9,78
SENS_946,Zone_South,2025-11-21 09:58:13,74,41
SENS_198,Zone_West,2025-11-21 08:35:39,50,43
SENS_736,Zone_West,2025-11-10 23:18:41,19,65
SENS_777,Zone_North,2025-11-09 21:13:17,35,80
SENS_597,Zone_West,2025-11-02 09:19:03,32,53
SENS_687,Zone_West,2025-11-10 06:43:51,67,45
SENS_785,Zone_West,2025-11-07 13:01:16,3,47
SENS_204,Zone_East,2025-11-17 08:21:51,86,8
SENS_570,Zone_Center,2025-10-24 07:26:37,97,20
SENS_132,Zone_West,2025-11-12 14:18:16,43,30
SENS_178,Zone_Center,2025-11-04 13:13:31,13,47
SENS_564,Zone_North,2025-10-26 09:12:17,6,54
SENS_294,Zone_Center,2025-10-30 03:00:54,59,44
SENS_304,Zone_South,2025-10-23 06:57:31,30,61
SENS_301,Zone_West,2025-11-18 20:28:56,34,65
SENS_734,Zone_West,2025-11-06 01:53:38,41,45
SENS_364,Zone_West,2025-11-18 07:43:26,47,34
SENS_147,Zone_South,2025-10-28 02:16:33,46,29
SENS_952,Zone_Center,2025-11-18 05:45:11,18,52
SENS_163,Zone_Center,2025-10-26 05:16:09,32,77
SENS_708,Zone_North,2025-10-31 10:15:12,16,62
SENS_241,Zone_Center,2025-11-21 02:54:08,60,23
SENS_872,Zone_South,2025-11-17 09:20:33,58,26
SENS_559,Zone_Center,2025-11-19 02:08:43,55,28
SENS_101,Zone_North,2025-10-24 15:39:47,5,68
SENS_559,Zone_West,2025-11-18 18:26:34,52,37
SENS_451,Zone_East,2025-11-16 09:56:50,23,59
SENS_149,Zone_North,2025-10-31 06:43:19,85,18
SENS_865,Zone_West,2025-11-14 04:26:55,33,63
SENS_817,Zone_South,2025-11-15 11:40:35,20,56
SENS_876,Zone_West,2025-10-22 23:48:18,50,27
SENS_216,Zone_North,2025-10-27 22:12:00,19,53
SENS_972,Zone_Center,2025-11-16 21:43:16,56,30
SENS_640,Zone_South,2025-10-30 19:28:34,47,34
SENS_982,Zone_East,2025-10-23 00:09:56,37,68
SENS_969,Zone_East,2025-11-04 10:24:52,66,37
SENS_892,Zone_South,2025-11-01 01:50:24,68,23
SENS_428,Zone_East,2025-11-02 23:50:22,78,21
SENS_741,Zone_West,2025-11-19 05:17:16,93,12
SENS_410,Zone_South,2025-11-12 15:37:29,77,34
SENS_783,Zone_West,2025-10-26 04:40:55,58,26
SENS_373,Zone_Center,2025-11-16 23:41:01,82,9
SENS_600,Zone_West,2025-11-20 13:05:49,27,45
SENS_391,Zone_South,2025-11-06 15:23:21,56,20
SENS_603,Zone_South,2025-11-10 14:11:18,36,78
SENS_995,Zone_West,2025-11-19 16:10:12,36,59
SENS_674,Zone_South,2025-10-24 06:28:11,89,13
SENS_540,Zone_West,2025-11-14 22:40:03,13,62
SENS_783,Zone_North,2025-10-23 05:09:49,98,17
SENS_777,Zone_North,2025-11-07 14:08:17,35,61
SENS_418,Zone_West,2025-11-12 07:13:19,68,29
SENS_435,Zone_Center,2025-10-30 20:22:01,88,6
SENS_766,Zone_East,2025-11-11 05:29:45,93,15
SENS_452,Zone_South,2025-10-23 06:05:18,12,77
SENS_781,Zone_Center,2025-11-16 17:06:36,96,11
SENS_326,Zone_East,2025-11-06 11:50:14,76,25
SENS_915,Zone_West,2025-11-09 15:08:06,56,40
SENS_626,Zone_West,2025-11-03 13:41:37,77,27
SENS_688,Zone_South,2025-10-26 12:06:42,21,71
SENS_903,Zone_Center,2025-10-27 15:37:50,87,16
SENS_587,Zone_North,2025-10-26 21:47:31,39,66
SENS_749,Zone_South,2025-11-17 09:16:42,49,21
SENS_559,Zone_West,2025-10-30 05:58:33,65,44
SENS_503,Zone_Center,2025-11-04 22:31:07,8,79
SENS_468,Zone_North,2025-10-29 01:52:19,59,22
SENS_735,Zone_North,2025-10-30 22:53:05,61,40
SENS_871,Zone_North,2025-11-03 11:48:09,68,33
SENS_196,Zone_West,2025-10-26 10:29:05,59,24
SENS_171,Zone_West,2025-10-29 13:44:52,10,54
SENS_730,Zone_East,2025-11-05 23:30:04,99,17
SENS_343,Zone_North,2025-11-10 20:34:17,60,35
SENS_844,Zone_East,2025-10-30 07:10:54,9,64
SENS_217,Zone_Center,2025-10-24 22:41:58,48,28
SENS_824,Zone_West,2025-11-20 21:58:32,56,34
SENS_436,Zone_South,2025-11-06 21:03:04,58,31
SENS_464,Zone_South,2025-10-30 21:28:25,13,57
SENS_802,Zone_West,2025-10-23 09:43:00,24,52
SENS_580,Zone_East,2025-10-24 22:13:10,25,72
SENS_255,Zone_West,2025-11-05 13:17:00,23,78
SENS_538,Zone_West,2025-11-10 00:22:21,62,28
SENS_464,Zone_North,2025-10-26 21:06:19,24,67
SENS_403,Zone_East,2025-11-06 14:56:07,40,64
SENS_482,Zone_South,2025-10-29 00:02:18,15,46
SENS_382,Zone_South,2025-11-11 03:02:00,43,29
SENS_192,Zone_West,2025-11-06 19:48:03,89,18
SENS_182,Zone_East,2025-11-03 14:34:30,0,63
SENS_503,Zone_Center,2025-11-09 07:33:52,10,78
SENS_445,Zone_West,2025-10-27 22:59:45,29,74
SENS_374,Zone_North,2025-10-24 14:30:08,99,17
SENS_994,Zone_North,2025-10-31 22:03:31,99,14
SENS_209,Zone_South,2025-11-02 17:14:27,23,45
SENS_497,Zone_South,2025-11-20 01:37:14,74,44
SENS_930,Zone_East,2025-11-19 12:50:00,6,65
SENS_560,Zone_South,2025-11-02 13:35:31,60,21
SENS_519,Zone_Center,2025-11-15 00:25:21,91,20
SENS_268,Zone_East,2025-11-15 18:38:48,29,79
SENS_778,Zone_Center,2025-11-15 13:45:12,45,43
SENS_732,Zone_East,2025-11-09 18:40:27,22,47
SENS_699,Zone_West,2025-10-27 16:08:22,89,8
SENS_339,Zone_North,2025-11-04 03:48:09,61,32
SENS_431,Zone_North,2025-10-25 00:42:04,94,5
SENS_212,Zone_North,2025-11-06 12:56:55,6,52
SENS_329,Zone_North,2025-11-13 15:37:07,68,41
SENS_482,Zone_West,2025-11-17 22:29:33,33,80
SENS_201,Zone_East,2025-11-10 20:20:18,69,27
SENS_794,Zone_East,2025-10-25 06:19:27,77,36
SENS_899,Zone_West,2025-11-14 14:09:38,55,43
SENS_786,Zone_North,2025-10-23 11:44:18,27,65
SENS_435,Zone_North,2025-11-10 20:49:28,94,13
SENS_111,Zone_North,2025-11-02 10:23:14,44,36
SENS_220,Zone_Center,2025-10-22 23:45:25,23,50
SENS_756,Zone_East,2025-11-04 03:39:13,5,66
SENS_827,Zone_Center,2025-11-17 23:36:16,65,29
SENS_534,Zone_North,2025-11-19 13:00:02,70,27
SENS_714,Zone_East,2025-10-27 00:19:37,37,71
SENS_822,Zone_East,2025-11-03 01:02:20,89,8
SENS_826,Zone_Center,2025-11-18 00:20:27,23,78
SENS_769,Zone_South,2025-10-28 04:21:40,83,10
SENS_866,Zone_Center,2025-11-05 20:57:34,37,50
SENS_179,Zone_North,2025-11-18 16:06:50,95,5
SENS_522,Zone_South,2025-11-10 19:57:12,56,37
SENS_323,Zone_North,2025-11-12 17:40:01,41,40
SENS_877,Zone_East,2025-10-26 03:49:13,28,64
SENS_318,Zone_Center,2025-11-15 09:06:21,85,9
SENS_687,Zone_West,2025-10-31 23:06:16,91,9
SENS_546,Zone_East,2025-10-28 23:55:46,43,23
SENS_687,Zone_North,2025-11-09 04:59:31,50,27
SENS_712,Zone_South,2025-11-17 07:43:04,1,79
SENS_392,Zone_South,2025-10-30 06:00:48,41,34
SENS_302,Zone_East,2025-11-02 23:41:37,68,21
SENS_315,Zone_East,2025-11-17 04:20:03,86,20
SENS_688,Zone_Center,2025-11-11 15:46:02,76,29
SENS_437,Zone_Center,2025-11-18 00:51:33,39,61
SENS_786,Zone_South,2025-11-13 00:22:39,91,14
SENS_489,Zone_West,2025-10-24 02:45:04,53,29
SENS_877,Zone_South,2025-10-22 03:13:34,27,73
SENS_215,Zone_Center,2025-11-13 15:25:07,93,7
SENS_956,Zone_West,2025-11-21 05:15:45,47,22
SENS_338,Zone_South,2025-11-05 03:03:36,29,67
SENS_654,Zone_Center,2025-10-30 05:04:25,16,72
SENS_660,Zone_Center,2025-10-22 02:41:33,34,63
SENS_476,Zone_Center,2025-10-25 00:10:08,57,42
SENS_204,Zone_Center,2025-11-14 11:50:51,16,50
SENS_939,Zone_South,2025-11-04 08:28:51,28,63
SENS_332,Zone_East,2025-11-20 02:37:35,99,12
SENS_234,Zone_North,2025-11-03 06:22:00,13,65
SENS_649,Zone_West,2025-11-09 12:58:15,92,15
SENS_134,Zone_North,2025-11-08 03:29:29,39,59
SENS_708,Zone_South,2025-11-01 09:56:11,34,60
SENS_810,Zone_South,2025-11-19 11:49:11,35,47
SENS_534,Zone_Center,2025-11-15 20:38:08,12,70
SENS_391,Zone_East,2025-11-04 17:48:41,78,34
SENS_141,Zone_Center,2025-10-24 07:03:12,56,40
SENS_437,Zone_North,2025-10-29 22:07:25,100,8
SENS_330,Zone_West,2025-11-17 00:19:08,45,24
SENS_689,Zone_South,2025-11-18 10:05:51,90,7
SENS_557,Zone_Center,2025-10-25 11:32:25,68,27
SENS_293,Zone_East,2025-11-05 16:19:44,77,22
SENS_832,Zone_South,2025-10-26 10:35:08,50,20
SENS_530,Zone_East,2025-11-10 06:37:24,74,35
SENS_188,Zone_East,2025-10-28 01:20:18,61,32
SENS_556,Zone_South,2025-10-28 20:45:51,45,26
SENS_714,Zone_Center,2025-11-18 02:24:18,35,64
SENS_950,Zone_West,2025-11-04 15:39:09,61,32
SENS_407,Zone_Center,2025-11-12 01:19:57,68,24
SENS_733,Zone_East,2025-11-01 07:43:05,90,9
SENS_206,Zone_South,2025-11-20 17:16:49,33,65
SENS_598,Zone_South,2025-11-15 14:13:05,63,29
SENS_665,Zone_Center,2025-11-06 12:54:39,26,79
SENS_736,Zone_North,2025-11-07 17:15:32,70,36
SENS_536,Zone_Center,2025-11-03 18:34:01,7,78
SENS_906,Zone_East,2025-11-13 01:30:53,35,62
SENS_678,Zone_North,2025-11-04 08:08:36,33,49
SENS_478,Zone_North,2025-11-03 00:35:13,81,18
SENS_375,Zone_East,2025-11-06 16:47:44,24,72
SENS_737,Zone_South,2025-11-07 16:05:15,68,20
SENS_425,Zone_Center,2025-11-01 07:27:16,15,64
SENS_992,Zone_South,2025-11-13 09:45:54,42,44
SENS_451,Zone_North,2025-11-20 04:32:38,6,48
SENS_194,Zone_West,2025-11-07 00:44:25,98,11
SENS_690,Zone_North,2025-10-22 20:33:18,19,70
SENS_638,Zone_North,2025-10-28 13:51:42,99,12
SENS_369,Zone_North,2025-10-22 04:26:43,97,10
SENS_843,Zone_North,2025-11-20 15:20:52,49,32
SENS_423,Zone_East,2025-11-14 05:15:23,2,65
SENS_428,Zone_East,2025-10-22 07:02:44,12,61
SENS_192,Zone_South,2025-10-22 13:13:11,78,45
SENS_797,Zone_East,2025-10-30 12:14:38,54,29
SENS_778,Zone_East,2025-11-11 03:25:47,62,22
SENS_765,Zone_North,2025-11-18 01:36:10,76,25
SENS_424,Zone_South,2025-11-14 19:45:32,90,17
SENS_173,Zone_North,2025-11-10 03:41:41,86,8
SENS_751,Zone_Center,2025-11-17 05:01:42,38,49
SENS_312,Zone_East,2025-10-26 00:36:18,47,38
SENS_586,Zone_West,2025-10-25 20:22:51,58,37
SENS_488,Zone_Center,2025-11-17 05:37:55,30,64
SENS_751,Zone_Center,2025-10-23 14:06:59,60,37
